-- ----------------------------
-- 第三方平台授权表
-- ----------------------------
create table sys_social
(
    id                 number(20)        not null,
    user_id            number(20)        not null,
    tenant_id          varchar2(20)      default null,
    auth_id            varchar2(255)     not null,
    source             varchar2(255)     not null,
    open_id            varchar2(255)     default null,
    user_name          varchar2(30)      not null,
    nick_name          varchar2(30)      default '',
    email              varchar2(255)     default '',
    avatar             varchar2(500)     default '',
    access_token       varchar2(255)     not null,
    expire_in          number(20)        default null,
    refresh_token      varchar2(255)     default null,
    access_code        varchar2(255)     default null,
    union_id           varchar2(255)     default null,
    scope              varchar2(255)     default null,
    token_type         varchar2(255)     default null,
    id_token           varchar2(255)     default null,
    mac_algorithm      varchar2(255)     default null,
    mac_key            varchar2(255)     default null,
    code               varchar2(255)     default null,
    oauth_token        varchar2(255)     default null,
    oauth_token_secret varchar2(255)     default null,
    create_dept        number(20),
    create_by          number(20),
    create_time        date,
    update_by          number(20),
    update_time        date,
    del_flag           char(1)          default '0'
);

alter table sys_social add constraint pk_sys_social primary key (id);

comment on table   sys_social                   is '社会化关系表';
comment on column  sys_social.id                is '主键';
comment on column  sys_social.user_id           is '用户ID';
comment on column  sys_social.tenant_id         is '租户id';
comment on column  sys_social.auth_id           is '平台+平台唯一id';
comment on column  sys_social.source            is '用户来源';
comment on column  sys_social.open_id           is '平台编号唯一id';
comment on column  sys_social.user_name         is '登录账号';
comment on column  sys_social.nick_name         is '用户昵称';
comment on column  sys_social.email             is '用户邮箱';
comment on column  sys_social.avatar            is '头像地址';
comment on column  sys_social.access_token      is '用户的授权令牌';
comment on column  sys_social.expire_in         is '用户的授权令牌的有效期，部分平台可能没有';
comment on column  sys_social.refresh_token     is '刷新令牌，部分平台可能没有';
comment on column  sys_social.access_code       is '平台的授权信息，部分平台可能没有';
comment on column  sys_social.union_id          is '用户的 unionid';
comment on column  sys_social.scope             is '授予的权限，部分平台可能没有';
comment on column  sys_social.token_type        is '个别平台的授权信息，部分平台可能没有';
comment on column  sys_social.id_token          is 'id token，部分平台可能没有';
comment on column  sys_social.mac_algorithm     is '小米平台用户的附带属性，部分平台可能没有';
comment on column  sys_social.mac_key           is '小米平台用户的附带属性，部分平台可能没有';
comment on column  sys_social.code              is '用户的授权code，部分平台可能没有';
comment on column  sys_social.oauth_token       is 'Twitter平台用户的附带属性，部分平台可能没有';
comment on column  sys_social.oauth_token_secret is 'Twitter平台用户的附带属性，部分平台可能没有';
comment on column  sys_social.create_dept       is '创建部门';
comment on column  sys_social.create_by         is '创建者';
comment on column  sys_social.create_time       is '创建时间';
comment on column  sys_social.update_by         is '更新者';
comment on column  sys_social.update_time       is '更新时间';
comment on column  sys_social.del_flag          is '删除标志（0代表存在 1代表删除）';


-- ----------------------------
-- 租户表
-- ----------------------------
create table sys_tenant (
    id                number(20)    not null,
    tenant_id         varchar2(20)  not null,
    contact_user_name varchar2(20)  default '',
    contact_phone     varchar2(20)  default '',
    company_name      varchar2(50)  default '',
    license_number    varchar2(30)  default '',
    address           varchar2(200) default '',
    intro             varchar2(200) default '',
    domain            varchar2(200) default '',
    remark            varchar2(200) default '',
    package_id        number(20)    default null,
    expire_time       date          default null,
    account_count     number(4)     default -1,
    status            char(1)       default '1',
    del_flag          char(1)       default '0',
    create_dept       number(20)    default null,
    create_by         number(20)    default null,
    create_time       date,
    update_by         number(20)    default null,
    update_time       date
);

alter table sys_tenant add constraint pk_sys_tenant primary key (id);

comment on table   sys_tenant                    is '租户表';
comment on column  sys_tenant.tenant_id          is '租户编号';
comment on column  sys_tenant.contact_phone      is '联系电话';
comment on column  sys_tenant.company_name       is '企业名称';
comment on column  sys_tenant.company_name       is '联系人';
comment on column  sys_tenant.license_number     is '统一社会信用代码';
comment on column  sys_tenant.address            is '地址';
comment on column  sys_tenant.intro              is '企业简介';
comment on column  sys_tenant.remark             is '备注';
comment on column  sys_tenant.package_id         is '租户套餐编号';
comment on column  sys_tenant.expire_time        is '过期时间';
comment on column  sys_tenant.account_count      is '用户数量（-1不限制）';
comment on column  sys_tenant.status             is '租户状态（1正常 0停用）';
comment on column  sys_tenant.del_flag           is '删除标志（0代表存在 1代表删除）';
comment on column  sys_tenant.create_dept        is '创建部门';
comment on column  sys_tenant.create_by          is '创建者';
comment on column  sys_tenant.create_time        is '创建时间';
comment on column  sys_tenant.update_by          is '更新者';
comment on column  sys_tenant.update_time        is '更新时间';

-- ----------------------------
-- 初始化-租户表数据
-- ----------------------------

insert into sys_tenant values(1, '000000', '管理组', '15888888888', 'XXX有限公司', null, null, '多租户通用后台管理管理系统', null, null, null, null, -1, '1', '0', 103, 1, sysdate, null, null);


-- ----------------------------
-- 租户套餐表
-- ----------------------------
create table sys_tenant_package (
    package_id              number(20)      not null,
    package_name            varchar2(20)    default '',
    menu_ids                varchar2(3000)  default '',
    remark                  varchar2(200)   default '',
    menu_check_strictly     number(1)       default 1,
    status                  char(1)         default '1',
    del_flag                char(1)         default '0',
    create_dept             number(20)      default null,
    create_by               number(20)      default null,
    create_time             date,
    update_by               number(20)      default null,
    update_time             date
);

alter table sys_tenant_package add constraint pk_sys_tenant_package primary key (package_id);

comment on table   sys_tenant_package                    is '租户套餐表';
comment on column  sys_tenant_package.package_id         is '租户套餐id';
comment on column  sys_tenant_package.package_name       is '套餐名称';
comment on column  sys_tenant_package.menu_ids           is '关联菜单id';
comment on column  sys_tenant_package.remark             is '备注';
comment on column  sys_tenant_package.status             is '状态（1正常 0停用）';
comment on column  sys_tenant_package.del_flag           is '删除标志（0代表存在 1代表删除）';
comment on column  sys_tenant_package.create_dept        is '创建部门';
comment on column  sys_tenant_package.create_by          is '创建者';
comment on column  sys_tenant_package.create_time        is '创建时间';
comment on column  sys_tenant_package.update_by          is '更新者';
comment on column  sys_tenant_package.update_time        is '更新时间';

-- ----------------------------
-- 租户套餐和菜单关联表
-- ----------------------------
CREATE TABLE sys_tenant_package_menu (
  package_id    NUMBER(20) NOT NULL,
  menu_id       NUMBER(20) NOT NULL
);
COMMENT ON COLUMN sys_tenant_package_menu.package_id    IS '租户套餐id';
COMMENT ON COLUMN sys_tenant_package_menu.menu_id       IS '菜单id';
COMMENT ON TABLE sys_tenant_package_menu                IS '租户套餐和菜单关联表';
ALTER TABLE sys_tenant_package_menu ADD PRIMARY KEY (package_id, menu_id);

-- ----------------------------
-- 1、部门表
-- ----------------------------
create table sys_dept (
  dept_id           number(20)      not null,
  tenant_id         varchar2(20)    default '000000',
  parent_id         number(20)      default 0,
  ancestors         varchar2(500)   default '',
  dept_name         varchar2(30)    default '',
  order_num         number(4)       default 0,
  leader            number(20)      default null,
  phone             varchar2(11)    default null,
  email             varchar2(50)    default null,
  status            char(1)         default '1',
  del_flag          char(1)         default '0',
  create_dept       number(20)      default null,
  create_by         number(20)      default null,
  create_time       date,
  update_by         number(20)      default null,
  update_time       date
);

alter table sys_dept add constraint pk_sys_dept primary key (dept_id);

comment on table  sys_dept              is '部门表';
comment on column sys_dept.dept_id      is '部门id';
comment on column sys_dept.tenant_id    is '租户编号';
comment on column sys_dept.parent_id    is '父部门id';
comment on column sys_dept.ancestors    is '祖级列表';
comment on column sys_dept.dept_name    is '部门名称';
comment on column sys_dept.order_num    is '显示顺序';
comment on column sys_dept.leader       is '负责人';
comment on column sys_dept.phone        is '联系电话';
comment on column sys_dept.email        is '邮箱';
comment on column sys_dept.status       is '部门状态（1正常 0停用）';
comment on column sys_dept.del_flag     is '删除标志（0代表存在 1代表删除）';
comment on column sys_dept.create_dept  is '创建部门';
comment on column sys_dept.create_by    is '创建者';
comment on column sys_dept.create_time  is '创建时间';
comment on column sys_dept.update_by    is '更新者';
comment on column sys_dept.update_time  is '更新时间';

-- ----------------------------
-- 初始化-部门表数据
-- ----------------------------
insert into sys_dept values(100, '000000', 0,   '0',          'XXX科技',   0, null, '15888888888', 'xxx@qq.com', '1', '0', 103, 1, sysdate, null, null);
insert into sys_dept values(101, '000000', 100, '0,100',      '深圳总公司', 1, null, '15888888888', 'xxx@qq.com', '1', '0', 103, 1, sysdate, null, null);
insert into sys_dept values(102, '000000', 100, '0,100',      '长沙分公司', 2, null, '15888888888', 'xxx@qq.com', '1', '0', 103, 1, sysdate, null, null);
insert into sys_dept values(103, '000000', 101, '0,100,101',  '研发部门',   1, 1,    '15888888888', 'xxx@qq.com', '1', '0', 103, 1, sysdate, null, null);
insert into sys_dept values(104, '000000', 101, '0,100,101',  '市场部门',   2, null, '15888888888', 'xxx@qq.com', '1', '0', 103, 1, sysdate, null, null);
insert into sys_dept values(105, '000000', 101, '0,100,101',  '测试部门',   3, null, '15888888888', 'xxx@qq.com', '1', '0', 103, 1, sysdate, null, null);
insert into sys_dept values(106, '000000', 101, '0,100,101',  '财务部门',   4, null, '15888888888', 'xxx@qq.com', '1', '0', 103, 1, sysdate, null, null);
insert into sys_dept values(107, '000000', 101, '0,100,101',  '运维部门',   5, null, '15888888888', 'xxx@qq.com', '1', '0', 103, 1, sysdate, null, null);
insert into sys_dept values(108, '000000', 102, '0,100,102',  '市场部门',   1, null, '15888888888', 'xxx@qq.com', '1', '0', 103, 1, sysdate, null, null);
insert into sys_dept values(109, '000000', 102, '0,100,102',  '财务部门',   2, null, '15888888888', 'xxx@qq.com', '1', '0', 103, 1, sysdate, null, null);


-- ----------------------------
-- 2、用户信息表
-- ----------------------------
create table sys_user (
  user_id           number(20)      not null,
  tenant_id         varchar2(20)    default '000000',
  dept_id           number(20)      default null,
  user_name         varchar2(40)    not null,
  nick_name         varchar2(40)    not null,
  user_type         varchar2(10)    default 'sys_user',
  email             varchar2(50)    default '',
  phonenumber       varchar2(11)    default '',
  sex               char(1)         default '0',
  avatar            number(20)      default null,
  password          varchar2(100)   default '',
  status            char(1)         default '1',
  del_flag          char(1)         default '0',
  login_ip          varchar2(128)   default '',
  login_date        date,
  create_dept       number(20)      default null,
  create_by         number(20)      default null,
  create_time       date,
  update_by         number(20)      default null,
  update_time       date,
  remark            varchar2(500)   default ''
);

alter table sys_user add constraint pk_sys_user primary key (user_id);

comment on table  sys_user              is '用户信息表';
comment on column sys_user.user_id      is '用户ID';
comment on column sys_user.tenant_id    is '租户编号';
comment on column sys_user.dept_id      is '部门ID';
comment on column sys_user.user_name    is '用户账号';
comment on column sys_user.nick_name    is '用户昵称';
comment on column sys_user.user_type    is '用户类型（sys_user系统用户）';
comment on column sys_user.email        is '用户邮箱';
comment on column sys_user.phonenumber  is '手机号码';
comment on column sys_user.sex          is '用户性别（0男 1女 2未知）';
comment on column sys_user.avatar       is '头像路径';
comment on column sys_user.password     is '密码';
comment on column sys_user.status       is '帐号状态（1正常 0停用）';
comment on column sys_user.del_flag     is '删除标志（0代表存在 1代表删除）';
comment on column sys_user.login_ip     is '最后登录IP';
comment on column sys_user.login_date   is '最后登录时间';
comment on column sys_user.create_dept  is '创建部门';
comment on column sys_user.create_by    is '创建者';
comment on column sys_user.create_time  is '创建时间';
comment on column sys_user.update_by    is '更新者';
comment on column sys_user.update_time  is '更新时间';
comment on column sys_user.remark       is '备注';

-- ----------------------------
-- 初始化-用户信息表数据
-- ----------------------------
insert into sys_user values(1, '000000', 103, 'admin', '管理员', 'sys_user', 'xxx@163.com', '15888888888', '1', null, '$2a$10$7JB720yubVSZvUI0rEqK/.VqGOZTH.ulu33dHOiBE8ByOhJIrdAu2', '1', '0', '127.0.0.1', sysdate, 103, 1, sysdate, null, null, '管理员');


-- ----------------------------
-- 3、岗位信息表
-- ----------------------------
create table sys_post (
  post_id           number(20)      not null,
  tenant_id         varchar2(20)    default '000000',
  post_code         varchar2(64)    not null,
  post_name         varchar2(50)    not null,
  post_sort         number(4)       not null,
  status            char(1)         not null,
  create_dept       number(20)      default null,
  create_by         number(20)      default null,
  create_time       date,
  update_by         number(20)      default null,
  update_time       date,
  remark            varchar2(500)
);

alter table sys_post add constraint pk_sys_post primary key (post_id);

comment on table  sys_post              is '岗位信息表';
comment on column sys_post.post_id      is '岗位ID';
comment on column sys_post.tenant_id    is '租户编号';
comment on column sys_post.post_code    is '岗位编码';
comment on column sys_post.post_name    is '岗位名称';
comment on column sys_post.post_sort    is '显示顺序';
comment on column sys_post.status       is '状态（1正常 0停用）';
comment on column sys_post.create_dept  is '创建部门';
comment on column sys_post.create_by    is '创建者';
comment on column sys_post.create_time  is '创建时间';
comment on column sys_post.update_by    is '更新者';
comment on column sys_post.update_time  is '更新时间';
comment on column sys_post.remark       is '备注';

-- ----------------------------
-- 初始化-岗位信息表数据
-- ----------------------------
insert into sys_post values(1, '000000', 'ceo',  '董事长',    1, '1', 103, 1, sysdate, null, null, '');
insert into sys_post values(2, '000000', 'se',   '项目经理',  2, '1', 103, 1, sysdate, null, null, '');
insert into sys_post values(3, '000000', 'hr',   '人力资源',  3, '1', 103, 1, sysdate, null, null, '');
insert into sys_post values(4, '000000', 'user', '普通员工',  4, '1', 103, 1, sysdate, null, null, '');


-- ----------------------------
-- 4、角色信息表
-- ----------------------------
create table sys_role (
  role_id              number(20)      not null,
  tenant_id            varchar2(20)    default '000000',
  role_name            varchar2(30)    not null,
  role_key             varchar2(100)   not null,
  role_sort            number(4)       not null,
  data_scope           char(1)         default '1',
  menu_check_strictly  number(1)       default 1,
  dept_check_strictly  number(1)       default 1,
  status               char(1)         not null,
  del_flag             char(1)         default '0',
  create_dept          number(20)      default null,
  create_by            number(20)      default null,
  create_time          date,
  update_by            number(20)      default null,
  update_time          date,
  remark               varchar2(500)   default null
);

alter table sys_role add constraint pk_sys_role primary key (role_id);

comment on table  sys_role                       is '角色信息表';
comment on column sys_role.role_id               is '角色ID';
comment on column sys_role.tenant_id             is '租户编号';
comment on column sys_role.role_name             is '角色名称';
comment on column sys_role.role_key              is '角色权限字符串';
comment on column sys_role.role_sort             is '显示顺序';
comment on column sys_role.data_scope            is '数据范围（1：全部数据权限 2：自定数据权限 3：本部门数据权限 4：本部门及以下数据权限）';
comment on column sys_role.menu_check_strictly   is '菜单树选择项是否关联显示';
comment on column sys_role.dept_check_strictly   is '部门树选择项是否关联显示';
comment on column sys_role.status                is '角色状态（1正常 0停用）';
comment on column sys_role.del_flag              is '删除标志（0代表存在 1代表删除）';
comment on column sys_role.create_dept           is '创建部门';
comment on column sys_role.create_by             is '创建者';
comment on column sys_role.create_time           is '创建时间';
comment on column sys_role.update_by             is '更新者';
comment on column sys_role.update_time           is '更新时间';
comment on column sys_role.remark                is '备注';

-- ----------------------------
-- 初始化-角色信息表数据
-- ----------------------------
insert into sys_role values('1', '000000', '超级管理员',  'superadmin',  1, 1, 1, 1, '1', '0', 103, 1, sysdate, null, null, '超级管理员');
insert into sys_role values('2', '000000', '普通角色',    'common', 2, 2, 1, 1, '1', '0', 103, 1, sysdate, null, null, '普通角色');


-- ----------------------------
-- 5、菜单权限表
-- ----------------------------
create table sys_menu (
  menu_id           number(20)      not null,
  menu_name         varchar2(50)    not null,
  parent_id         number(20)      default 0,
  order_num         number(4)       default 0,
  path              varchar2(200)    default '',
  component         varchar2(255)    default null,
  query_param       varchar2(255)    default null,
  is_frame          number(1)       default 0,
  is_cache          number(1)       default 1,
  menu_type         char(1)         default '',
  visible           char(1)         default 1,
  status            char(1)         default 1,
  perms             varchar2(100)   default null,
  icon              varchar2(100)   default '#',
  create_dept       number(20)      default null,
  create_by         number(20)      default null,
  create_time       date,
  update_by         number(20)      default null,
  update_time       date ,
  remark            varchar2(500)   default ''
);

alter table sys_menu add constraint pk_sys_menu primary key (menu_id);

comment on table  sys_menu              is '菜单权限表';
comment on column sys_menu.menu_id      is '菜单ID';
comment on column sys_menu.menu_name    is '菜单名称';
comment on column sys_menu.parent_id    is '父菜单ID';
comment on column sys_menu.order_num    is '显示顺序';
comment on column sys_menu.path         is '请求地址';
comment on column sys_menu.component    is '路由地址';
comment on column sys_menu.query_param  is '路由参数';
comment on column sys_menu.is_frame     is '是否为外链（1是 0否）';
comment on column sys_menu.is_cache     is '是否缓存（1缓存 0不缓存）';
comment on column sys_menu.menu_type    is '菜单类型（M目录 C菜单 F按钮）';
comment on column sys_menu.visible      is '显示状态（1显示 0隐藏）';
comment on column sys_menu.status       is '菜单状态（1正常 0停用）';
comment on column sys_menu.perms        is '权限标识';
comment on column sys_menu.icon         is '菜单图标';
comment on column sys_menu.create_dept  is '创建部门';
comment on column sys_menu.create_by    is '创建者';
comment on column sys_menu.create_time  is '创建时间';
comment on column sys_menu.update_by    is '更新者';
comment on column sys_menu.update_time  is '更新时间';
comment on column sys_menu.remark       is '备注';

-- ----------------------------
-- 初始化-菜单信息表数据
-- ----------------------------
-- 一级菜单
insert into sys_menu values('1', '系统管理', '0', '11', 'system',           null, '', 0, 1, 'M', '1', '1', '', 'setting',   103, 1, sysdate, null, null, '系统管理目录');
insert into sys_menu values('6', '租户管理', '0', '12', 'tenant',           null, '', 0, 1, 'M', '1', '1', '', 'chart-bar',    103, 1, sysdate, null, null, '租户管理目录');
insert into sys_menu values('2', '系统监控', '0', '13', 'monitor',          null, '', 0, 1, 'M', '1', '1', '', 'chart',  103, 1, sysdate, null, null, '系统监控目录');
insert into sys_menu values('3', '系统工具', '0', '14', 'tool',             null, '', 0, 1, 'M', '1', '1', '', 'tool',     103, 1, sysdate, null, null, '系统工具目录');
insert into sys_menu values('4', 'PLUS官网', '0', '15', 'https://gitee.com/yixiacoco/ruoyi-tdesign', null, '', 1, 1, 'M', '1', '1', '', 'link',    103, 1, sysdate, null, null, 'ruoyi_tdesign官网地址');
-- 二级菜单
insert into sys_menu values('100',  '用户管理',     '1',   '1', 'user',             'system/user/index',            '', 0, 1, 'C', '1', '1', 'system:user:list',            'user',          103, 1, sysdate, null, null, '用户管理菜单');
insert into sys_menu values('101',  '角色管理',     '1',   '2', 'role',             'system/role/index',            '', 0, 1, 'C', '1', '1', 'system:role:list',            'user-safety',       103, 1, sysdate, null, null, '角色管理菜单');
insert into sys_menu values('102',  '菜单管理',     '1',   '3', 'menus',             'system/menu/index',            '', 0, 1, 'C', '1', '1', 'system:menu:list',            'bulletpoint',    103, 1, sysdate, null, null, '菜单管理菜单');
insert into sys_menu values('103',  '部门管理',     '1',   '4', 'dept',             'system/dept/index',            '', 0, 1, 'C', '1', '1', 'system:dept:list',            'tree-square-dot',          103, 1, sysdate, null, null, '部门管理菜单');
insert into sys_menu values('104',  '岗位管理',     '1',   '5', 'post',             'system/post/index',            '', 0, 1, 'C', '1', '1', 'system:post:list',            'user-avatar',          103, 1, sysdate, null, null, '岗位管理菜单');
insert into sys_menu values('105',  '字典管理',     '1',   '6', 'dict',             'system/dict/index',            '', 0, 1, 'C', '1', '1', 'system:dict:list',            'book',          103, 1, sysdate, null, null, '字典管理菜单');
insert into sys_menu values('106',  '参数设置',     '1',   '7', 'sysConfig',           'system/config/index',          '', 0, 1, 'C', '1', '1', 'system:config:list',          'edit',          103, 1, sysdate, null, null, '参数设置菜单');
insert into sys_menu values('107',  '通知公告',     '1',   '8', 'notice',           'system/notice/index',          '', 0, 1, 'C', '1', '1', 'system:notice:list',          'mail',       103, 1, sysdate, null, null, '通知公告菜单');
insert into sys_menu values('108',  '日志管理',     '1',   '9', 'log',              '',                             '', 0, 1, 'M', '1', '1', '',                            'root-list',           103, 1, sysdate, null, null, '日志管理菜单');
insert into sys_menu values('109',  '在线用户',     '2',   '1', 'online',           'monitor/online/index',         '', 0, 1, 'C', '1', '1', 'monitor:online:list',         'user-talk',        103, 1, sysdate, null, null, '在线用户菜单');
insert into sys_menu values('113',  '缓存监控',     '2',   '5', 'cache',            'monitor/cache/index',          '', 0, 1, 'C', '1', '1', 'monitor:cache:list',          'layers',         103, 1, sysdate, null, null, '缓存监控菜单');
insert into sys_menu values('114',  '表单构建',     '3',   '1', 'build',            'tool/build/index',             '', 0, 1, 'C', '1', '1', 'tool:build:list',             'logo-windows-filled',         103, 1, sysdate, null, null, '表单构建菜单');
insert into sys_menu values('115',  '代码生成',     '3',   '2', 'gen',              'tool/gen/index',               '', 0, 1, 'C', '1', '1', 'tool:gen:list',               'code',          103, 1, sysdate, null, null, '代码生成菜单');
insert into sys_menu values('121',  '租户管理',     '6',   '1', 'tenant',           'system/tenant/index',          '', 0, 1, 'C', '1', '1', 'system:tenant:list',          'bulletpoint',          103, 1, sysdate, null, null, '租户管理菜单');
insert into sys_menu values('122',  '租户套餐管理', '6',   '2', 'tenantPackage',    'system/tenantPackage/index',   '', 0, 1, 'C', '1', '1', 'system:tenantPackage:list',   'edit-1',          103, 1, sysdate, null, null, '租户套餐管理菜单');
insert into sys_menu values('123',  '客户端管理',   '1',   '12', 'client',           'system/client/index',          '', 0, 1, 'C', '1', '1', 'system:client:list',          'internet', 103, 1, sysdate, null, null, '客户端管理菜单');
-- springboot-admin监控
insert into sys_menu values('117',  'Admin监控',   '2',    '5', 'Admin',            'monitor/admin/index',         '', 0, 1, 'C', '1', '1', 'monitor:admin:list',          'dashboard',     103, 1, sysdate, null, null, 'Admin监控菜单');
-- oss菜单
insert into sys_menu values('1510', '对象存储', '1', '10', 'store', NULL, NULL, 0, 1, 'M', '1', '1', NULL, 'cloud', 103, 1, sysdate, 1, null, '');
-- powerjob server控制台
insert into sys_menu values('120',  '任务调度中心',  '2',    '5', 'powerjob',           'monitor/powerjob/index',        '', 0, 1, 'C', '1', '1', 'monitor:powerjob:list',         'video',           103, 1, sysdate, null, null, 'PowerJob控制台菜单');

-- 三级菜单
insert into sys_menu values('500',  '操作日志', '108', '1', 'operlog',    'monitor/operlog/index',    '', 0, 1, 'C', '1', '1', 'monitor:operlog:list',    'edit-1',          103, 1, sysdate, null, null, '操作日志菜单');
insert into sys_menu values('501',  '登录日志', '108', '2', 'logininfor', 'monitor/logininfor/index', '', 0, 1, 'C', '1', '1', 'monitor:logininfor:list', 'swap',    103, 1, sysdate, null, null, '登录日志菜单');
insert into sys_menu values('1500', 'OSS配置管理', '1510', '1', 'ossConfig', 'system/ossConfig/index', '', 0, 1, 'C', '1', '1', 'system:ossConfig:list', 'server', 103, 1, sysdate, 1, null, '');
insert into sys_menu values('118',  '文件管理','1510','2', 'oss','system/oss/index','', 0, 1, 'C', '1', '1', 'system:oss:list', 'backup',103, 1, sysdate, null, null, '文件管理菜单');
insert into sys_menu values('1521', 'OSS处理规则', '1510', '3', 'ossRule', 'system/ossRule/index', NULL, 0, 1, 'C', '1', '1', 'system:ossRule:list', 'chevron-right-double', 103, 1, sysdate, 1, null, 'OSS处理规则菜单');
insert into sys_menu values('1531', '我的文件', '1510', 4, 'ossCategory', 'system/ossCategory/index', NULL, 0, 1, 'C', '1', '1', 'system:ossCategory:list', 'folder-open', 103, 1, sysdate, 1, sysdate, '我的文件菜单');
-- 用户管理按钮
insert into sys_menu values('1001', '用户查询', '100', '1',  '', '', '', 0, 1, 'F', '1', '1', 'system:user:query',          '#', 103, 1, sysdate, null, null, '');
insert into sys_menu values('1002', '用户新增', '100', '2',  '', '', '', 0, 1, 'F', '1', '1', 'system:user:add',            '#', 103, 1, sysdate, null, null, '');
insert into sys_menu values('1003', '用户修改', '100', '3',  '', '', '', 0, 1, 'F', '1', '1', 'system:user:edit',           '#', 103, 1, sysdate, null, null, '');
insert into sys_menu values('1004', '用户删除', '100', '4',  '', '', '', 0, 1, 'F', '1', '1', 'system:user:remove',         '#', 103, 1, sysdate, null, null, '');
insert into sys_menu values('1005', '用户导出', '100', '5',  '', '', '', 0, 1, 'F', '1', '1', 'system:user:export',         '#', 103, 1, sysdate, null, null, '');
insert into sys_menu values('1006', '用户导入', '100', '6',  '', '', '', 0, 1, 'F', '1', '1', 'system:user:import',         '#', 103, 1, sysdate, null, null, '');
insert into sys_menu values('1007', '重置密码', '100', '7',  '', '', '', 0, 1, 'F', '1', '1', 'system:user:resetPwd',       '#', 103, 1, sysdate, null, null, '');
-- 角色管理按钮
insert into sys_menu values('1008', '角色查询', '101', '1',  '', '', '', 0, 1, 'F', '1', '1', 'system:role:query',          '#', 103, 1, sysdate, null, null, '');
insert into sys_menu values('1009', '角色新增', '101', '2',  '', '', '', 0, 1, 'F', '1', '1', 'system:role:add',            '#', 103, 1, sysdate, null, null, '');
insert into sys_menu values('1010', '角色修改', '101', '3',  '', '', '', 0, 1, 'F', '1', '1', 'system:role:edit',           '#', 103, 1, sysdate, null, null, '');
insert into sys_menu values('1011', '角色删除', '101', '4',  '', '', '', 0, 1, 'F', '1', '1', 'system:role:remove',         '#', 103, 1, sysdate, null, null, '');
insert into sys_menu values('1012', '角色导出', '101', '5',  '', '', '', 0, 1, 'F', '1', '1', 'system:role:export',         '#', 103, 1, sysdate, null, null, '');
-- 菜单管理按钮
insert into sys_menu values('1013', '菜单查询', '102', '1',  '', '', '', 0, 1, 'F', '1', '1', 'system:menu:query',          '#', 103, 1, sysdate, null, null, '');
insert into sys_menu values('1014', '菜单新增', '102', '2',  '', '', '', 0, 1, 'F', '1', '1', 'system:menu:add',            '#', 103, 1, sysdate, null, null, '');
insert into sys_menu values('1015', '菜单修改', '102', '3',  '', '', '', 0, 1, 'F', '1', '1', 'system:menu:edit',           '#', 103, 1, sysdate, null, null, '');
insert into sys_menu values('1016', '菜单删除', '102', '4',  '', '', '', 0, 1, 'F', '1', '1', 'system:menu:remove',         '#', 103, 1, sysdate, null, null, '');
insert into sys_menu values('1117', '菜单导出', '102', '5',  '', '', '', 0, 1, 'F', '1', '1', 'system:menu:export',         '#', 103, 1, sysdate, null, null, '');
-- 部门管理按钮
insert into sys_menu values('1017', '部门查询', '103', '1',  '', '', '', 0, 1, 'F', '1', '1', 'system:dept:query',          '#', 103, 1, sysdate, null, null, '');
insert into sys_menu values('1018', '部门新增', '103', '2',  '', '', '', 0, 1, 'F', '1', '1', 'system:dept:add',            '#', 103, 1, sysdate, null, null, '');
insert into sys_menu values('1019', '部门修改', '103', '3',  '', '', '', 0, 1, 'F', '1', '1', 'system:dept:edit',           '#', 103, 1, sysdate, null, null, '');
insert into sys_menu values('1020', '部门删除', '103', '4',  '', '', '', 0, 1, 'F', '1', '1', 'system:dept:remove',         '#', 103, 1, sysdate, null, null, '');
insert into sys_menu values('1121', '部门导出', '103', '5',  '', '', '', 0, 1, 'F', '1', '1', 'system:dept:export',         '#', 103, 1, sysdate, null, null, '');
-- 岗位管理按钮
insert into sys_menu values('1021', '岗位查询', '104', '1',  '', '', '', 0, 1, 'F', '1', '1', 'system:post:query',          '#', 103, 1, sysdate, null, null, '');
insert into sys_menu values('1022', '岗位新增', '104', '2',  '', '', '', 0, 1, 'F', '1', '1', 'system:post:add',            '#', 103, 1, sysdate, null, null, '');
insert into sys_menu values('1023', '岗位修改', '104', '3',  '', '', '', 0, 1, 'F', '1', '1', 'system:post:edit',           '#', 103, 1, sysdate, null, null, '');
insert into sys_menu values('1024', '岗位删除', '104', '4',  '', '', '', 0, 1, 'F', '1', '1', 'system:post:remove',         '#', 103, 1, sysdate, null, null, '');
insert into sys_menu values('1025', '岗位导出', '104', '5',  '', '', '', 0, 1, 'F', '1', '1', 'system:post:export',         '#', 103, 1, sysdate, null, null, '');
-- 字典管理按钮
insert into sys_menu values('1026', '字典查询', '105', '1', '#', '', '', 0, 1, 'F', '1', '1', 'system:dict:query',          '#', 103, 1, sysdate, null, null, '');
insert into sys_menu values('1027', '字典新增', '105', '2', '#', '', '', 0, 1, 'F', '1', '1', 'system:dict:add',            '#', 103, 1, sysdate, null, null, '');
insert into sys_menu values('1028', '字典修改', '105', '3', '#', '', '', 0, 1, 'F', '1', '1', 'system:dict:edit',           '#', 103, 1, sysdate, null, null, '');
insert into sys_menu values('1029', '字典删除', '105', '4', '#', '', '', 0, 1, 'F', '1', '1', 'system:dict:remove',         '#', 103, 1, sysdate, null, null, '');
insert into sys_menu values('1030', '字典导出', '105', '5', '#', '', '', 0, 1, 'F', '1', '1', 'system:dict:export',         '#', 103, 1, sysdate, null, null, '');
-- 参数设置按钮
insert into sys_menu values('1031', '参数查询', '106', '1', '#', '', '', 0, 1, 'F', '1', '1', 'system:config:query',        '#', 103, 1, sysdate, null, null, '');
insert into sys_menu values('1032', '参数新增', '106', '2', '#', '', '', 0, 1, 'F', '1', '1', 'system:config:add',          '#', 103, 1, sysdate, null, null, '');
insert into sys_menu values('1033', '参数修改', '106', '3', '#', '', '', 0, 1, 'F', '1', '1', 'system:config:edit',         '#', 103, 1, sysdate, null, null, '');
insert into sys_menu values('1034', '参数删除', '106', '4', '#', '', '', 0, 1, 'F', '1', '1', 'system:config:remove',       '#', 103, 1, sysdate, null, null, '');
insert into sys_menu values('1035', '参数导出', '106', '5', '#', '', '', 0, 1, 'F', '1', '1', 'system:config:export',       '#', 103, 1, sysdate, null, null, '');
-- 通知公告按钮
insert into sys_menu values('1036', '公告查询', '107', '1', '#', '', '', 0, 1, 'F', '1', '1', 'system:notice:query',        '#', 103, 1, sysdate, null, null, '');
insert into sys_menu values('1037', '公告新增', '107', '2', '#', '', '', 0, 1, 'F', '1', '1', 'system:notice:add',          '#', 103, 1, sysdate, null, null, '');
insert into sys_menu values('1038', '公告修改', '107', '3', '#', '', '', 0, 1, 'F', '1', '1', 'system:notice:edit',         '#', 103, 1, sysdate, null, null, '');
insert into sys_menu values('1039', '公告删除', '107', '4', '#', '', '', 0, 1, 'F', '1', '1', 'system:notice:remove',       '#', 103, 1, sysdate, null, null, '');
insert into sys_menu values('1140', '公告导出', '107', '5', '#', '', '', 0, 1, 'F', '1', '1', 'system:notice:export',       '#', 103, 1, sysdate, null, null, '');
-- 操作日志按钮
insert into sys_menu values('1040', '操作查询', '500', '1', '#', '', '', 0, 1, 'F', '1', '1', 'monitor:operlog:query',      '#', 103, 1, sysdate, null, null, '');
insert into sys_menu values('1041', '操作删除', '500', '2', '#', '', '', 0, 1, 'F', '1', '1', 'monitor:operlog:remove',     '#', 103, 1, sysdate, null, null, '');
insert into sys_menu values('1042', '日志导出', '500', '4', '#', '', '', 0, 1, 'F', '1', '1', 'monitor:operlog:export',     '#', 103, 1, sysdate, null, null, '');
-- 登录日志按钮
insert into sys_menu values('1043', '登录查询', '501', '1', '#', '', '', 0, 1, 'F', '1', '1', 'monitor:logininfor:query',   '#', 103, 1, sysdate, null, null, '');
insert into sys_menu values('1044', '登录删除', '501', '2', '#', '', '', 0, 1, 'F', '1', '1', 'monitor:logininfor:remove',  '#', 103, 1, sysdate, null, null, '');
insert into sys_menu values('1045', '日志导出', '501', '3', '#', '', '', 0, 1, 'F', '1', '1', 'monitor:logininfor:export',  '#', 103, 1, sysdate, null, null, '');
insert into sys_menu values('1050', '账户解锁', '501', '4', '#', '', '', 0, 1, 'F', '1', '1', 'monitor:logininfor:unlock',  '#', 103, 1, sysdate, null, null, '');
-- 在线用户按钮
insert into sys_menu values('1046', '在线查询', '109', '1', '#', '', '', 0, 1, 'F', '1', '1', 'monitor:online:query',       '#', 103, 1, sysdate, null, null, '');
insert into sys_menu values('1047', '批量强退', '109', '2', '#', '', '', 0, 1, 'F', '1', '1', 'monitor:online:batchLogout', '#', 103, 1, sysdate, null, null, '');
insert into sys_menu values('1048', '单条强退', '109', '3', '#', '', '', 0, 1, 'F', '1', '1', 'monitor:online:forceLogout', '#', 103, 1, sysdate, null, null, '');
-- 代码生成按钮
insert into sys_menu values('1055', '生成查询', '115', '1', '#', '', '', 0, 1, 'F', '1', '1', 'tool:gen:query',             '#', 103, 1, sysdate, null, null, '');
insert into sys_menu values('1056', '生成修改', '115', '2', '#', '', '', 0, 1, 'F', '1', '1', 'tool:gen:edit',              '#', 103, 1, sysdate, null, null, '');
insert into sys_menu values('1057', '生成删除', '115', '3', '#', '', '', 0, 1, 'F', '1', '1', 'tool:gen:remove',            '#', 103, 1, sysdate, null, null, '');
insert into sys_menu values('1058', '导入代码', '115', '2', '#', '', '', 0, 1, 'F', '1', '1', 'tool:gen:import',            '#', 103, 1, sysdate, null, null, '');
insert into sys_menu values('1059', '预览代码', '115', '4', '#', '', '', 0, 1, 'F', '1', '1', 'tool:gen:preview',           '#', 103, 1, sysdate, null, null, '');
insert into sys_menu values('1060', '生成代码', '115', '5', '#', '', '', 0, 1, 'F', '1', '1', 'tool:gen:code',              '#', 103, 1, sysdate, null, null, '');
-- oss相关按钮
insert into sys_menu values('1600', '文件查询', '118', '1', '#', '', '', 0, 1, 'F', '1', '1', 'system:oss:query',        '#', 103, 1, sysdate, null, null, '');
insert into sys_menu values('1601', '文件上传', '118', '2', '#', '', '', 0, 1, 'F', '1', '1', 'system:oss:upload',       '#', 103, 1, sysdate, null, null, '');
insert into sys_menu values('1602', '文件下载', '118', '3', '#', '', '', 0, 1, 'F', '1', '1', 'system:oss:download',     '#', 103, 1, sysdate, null, null, '');
insert into sys_menu values('1603', '文件删除', '118', '4', '#', '', '', 0, 1, 'F', '1', '1', 'system:oss:remove',       '#', 103, 1, sysdate, null, null, '');
insert into sys_menu values('1604', '文件修改', '118', 5, '', NULL, NULL, 0, 1, 'F', '1', '1', 'system:oss:edit', '#', 103, 1, sysdate, 1, sysdate, '');
insert into sys_menu values('1501', '配置添加', '1500', '1', '#', '', '', 0, 1, 'F', '1', '1', 'system:ossConfig:add',  '#', 103, 1, sysdate, null, null, '');
insert into sys_menu values('1502', '配置编辑', '1500', '2', '#', '', '', 0, 1, 'F', '1', '1', 'system:ossConfig:edit', '#', 103, 1, sysdate, null, null, '');
insert into sys_menu values('1503', '配置删除', '1500', '3', '#', '', '', 0, 1, 'F', '1', '1', 'system:ossConfig:remove','#', 103, 1, sysdate, null, null, '');
insert into sys_menu values('1522', 'OSS处理规则查询', '1521', '1', '#', '', null, 0, 1, 'F', '1', '1', 'system:ossRule:query', '#', 103, 1, sysdate, null, null, '');
insert into sys_menu values('1523', 'OSS处理规则新增', '1521', '2', '#', '', null, 0, 1, 'F', '1', '1', 'system:ossRule:add', '#', 103, 1, sysdate, null, null, '');
insert into sys_menu values('1524', 'OSS处理规则修改', '1521', '3', '#', '', null, 0, 1, 'F', '1', '1', 'system:ossRule:edit', '#', 103, 1, sysdate, null, null, '');
insert into sys_menu values('1525', 'OSS处理规则删除', '1521', '4', '#', '', null, 0, 1, 'F', '1', '1', 'system:ossRule:remove', '#', 103, 1, sysdate, null, null, '');
insert into sys_menu values('1526', 'OSS处理规则导出', '1521', '5', '#', '', null, 0, 1, 'F', '1', '1', 'system:ossRule:export', '#', 103, 1, sysdate, null, null, '');
insert into sys_menu values('1532', 'OSS分类查询', '1531', 1, '#', '', NULL, 0, 1, 'F', '1', '1', 'system:ossCategory:query', '#', 103, 1, sysdate, NULL, NULL, '');
insert into sys_menu values('1533', 'OSS分类新增', '1531', 2, '#', '', NULL, 0, 1, 'F', '1', '1', 'system:ossCategory:add', '#', 103, 1, sysdate, NULL, NULL, '');
insert into sys_menu values('1534', 'OSS分类修改', '1531', 3, '#', '', NULL, 0, 1, 'F', '1', '1', 'system:ossCategory:edit', '#', 103, 1, sysdate, NULL, NULL, '');
insert into sys_menu values('1535', 'OSS分类删除', '1531', 4, '#', '', NULL, 0, 1, 'F', '1', '1', 'system:ossCategory:remove', '#', 103, 1, sysdate, NULL, NULL, '');
-- 租户管理相关按钮
insert into sys_menu values('1606', '租户查询', '121', '1', '#', '', '', 0, 1, 'F', '1', '1', 'system:tenant:query',   '#', 103, 1, sysdate, null, null, '');
insert into sys_menu values('1607', '租户新增', '121', '2', '#', '', '', 0, 1, 'F', '1', '1', 'system:tenant:add',     '#', 103, 1, sysdate, null, null, '');
insert into sys_menu values('1608', '租户修改', '121', '3', '#', '', '', 0, 1, 'F', '1', '1', 'system:tenant:edit',    '#', 103, 1, sysdate, null, null, '');
insert into sys_menu values('1609', '租户删除', '121', '4', '#', '', '', 0, 1, 'F', '1', '1', 'system:tenant:remove',  '#', 103, 1, sysdate, null, null, '');
insert into sys_menu values('1610', '租户导出', '121', '5', '#', '', '', 0, 1, 'F', '1', '1', 'system:tenant:export',  '#', 103, 1, sysdate, null, null, '');
-- 租户套餐管理相关按钮
insert into sys_menu values('1611', '租户套餐查询', '122', '1', '#', '', '', 0, 1, 'F', '1', '1', 'system:tenantPackage:query',   '#', 103, 1, sysdate, null, null, '');
insert into sys_menu values('1612', '租户套餐新增', '122', '2', '#', '', '', 0, 1, 'F', '1', '1', 'system:tenantPackage:add',     '#', 103, 1, sysdate, null, null, '');
insert into sys_menu values('1613', '租户套餐修改', '122', '3', '#', '', '', 0, 1, 'F', '1', '1', 'system:tenantPackage:edit',    '#', 103, 1, sysdate, null, null, '');
insert into sys_menu values('1614', '租户套餐删除', '122', '4', '#', '', '', 0, 1, 'F', '1', '1', 'system:tenantPackage:remove',  '#', 103, 1, sysdate, null, null, '');
insert into sys_menu values('1615', '租户套餐导出', '122', '5', '#', '', '', 0, 1, 'F', '1', '1', 'system:tenantPackage:export',  '#', 103, 1, sysdate, null, null, '');
-- 客户端管理按钮
insert into sys_menu values('1061', '客户端管理查询', '123', '1',  '#', '', '', 0, 1, 'F', '1', '1', 'system:client:query',        '#', 103, 1, sysdate, null, null, '');
insert into sys_menu values('1062', '客户端管理新增', '123', '2',  '#', '', '', 0, 1, 'F', '1', '1', 'system:client:add',          '#', 103, 1, sysdate, null, null, '');
insert into sys_menu values('1063', '客户端管理修改', '123', '3',  '#', '', '', 0, 1, 'F', '1', '1', 'system:client:edit',         '#', 103, 1, sysdate, null, null, '');
insert into sys_menu values('1064', '客户端管理删除', '123', '4',  '#', '', '', 0, 1, 'F', '1', '1', 'system:client:remove',       '#', 103, 1, sysdate, null, null, '');
insert into sys_menu values('1065', '客户端管理导出', '123', '5',  '#', '', '', 0, 1, 'F', '1', '1', 'system:client:export',       '#', 103, 1, sysdate, null, null, '');
-- 应用管理
insert into sys_menu values('1701', '应用管理', 6, 3, 'app', 'system/app/index', NULL, 0, 1, 'C', '1', '1', 'system:app:list', 'app', 103, 1, sysdate, 1, sysdate, '应用管理菜单');
insert into sys_menu values('1702', '应用管理查询', '1701', 1, '#', '', NULL, 0, 1, 'F', '1', '1', 'system:app:query', '#', 103, 1, sysdate, NULL, NULL, '');
insert into sys_menu values('1703', '应用管理新增', '1701', 2, '#', '', NULL, 0, 1, 'F', '1', '1', 'system:app:add', '#', 103, 1, sysdate, NULL, NULL, '');
insert into sys_menu values('1704', '应用管理修改', '1701', 3, '#', '', NULL, 0, 1, 'F', '1', '1', 'system:app:edit', '#', 103, 1, sysdate, NULL, NULL, '');
insert into sys_menu values('1705', '应用管理删除', '1701', 4, '#', '', NULL, 0, 1, 'F', '1', '1', 'system:app:remove', '#', 103, 1, sysdate, NULL, NULL, '');
insert into sys_menu values('1706', '应用管理导出', '1701', 5, '#', '', NULL, 0, 1, 'F', '1', '1', 'system:app:export', '#', 103, 1, sysdate, NULL, NULL, '');
-- 消息管理
insert into sys_menu values('1801', '消息管理', '1', 11, 'messageManage', NULL, NULL, 0, 1, 'M', '1', '1', NULL, 'chat', 103, 1, sysdate, 1, sysdate, '');
-- 消息配置
insert into sys_menu values('1802', '消息配置',    '1801', 1, 'messageConfig', 'system/messageConfig/index', NULL, 0, 1, 'C', '1', '1', 'system:messageConfig:list', 'tools', 103, 1, sysdate, 1, sysdate, '消息配置菜单');
insert into sys_menu values('1803', '消息配置查询', '1802', 1, '#', '', NULL, 0, 1, 'F', '1', '1', 'system:messageConfig:query', '#', 103, 1, sysdate, NULL, NULL, '');
insert into sys_menu values('1804', '消息配置新增', '1802', 2, '#', '', NULL, 0, 1, 'F', '1', '1', 'system:messageConfig:add', '#', 103, 1, sysdate, NULL, NULL, '');
insert into sys_menu values('1805', '消息配置修改', '1802', 3, '#', '', NULL, 0, 1, 'F', '1', '1', 'system:messageConfig:edit', '#', 103, 1, sysdate, NULL, NULL, '');
insert into sys_menu values('1806', '消息配置删除', '1802', 4, '#', '', NULL, 0, 1, 'F', '1', '1', 'system:messageConfig:remove', '#', 103, 1, sysdate, NULL, NULL, '');
insert into sys_menu values('1807', '消息配置导出', '1802', 5, '#', '', NULL, 0, 1, 'F', '1', '1', 'system:messageConfig:export', '#', 103, 1, sysdate, NULL, NULL, '');
-- 消息常量
insert into sys_menu values('1810', '消息常量',     '1801', 2, 'messageKey', 'system/messageKey/index', NULL, 0, 1, 'C', '1', '1', 'system:messageKey:list', 'root-list', 103, 1, sysdate, 1, sysdate, '消息常量菜单');
insert into sys_menu values('1811', '消息常量查询', '1810', 1, '#', '', NULL, 0, 1, 'F', '1', '1', 'system:messageKey:query', '#', 103, 1, sysdate, NULL, NULL, '');
insert into sys_menu values('1812', '消息常量新增', '1810', 2, '#', '', NULL, 0, 1, 'F', '1', '1', 'system:messageKey:add', '#', 103, 1, sysdate, NULL, NULL, '');
insert into sys_menu values('1813', '消息常量修改', '1810', 3, '#', '', NULL, 0, 1, 'F', '1', '1', 'system:messageKey:edit', '#', 103, 1, sysdate, NULL, NULL, '');
insert into sys_menu values('1814', '消息常量删除', '1810', 4, '#', '', NULL, 0, 1, 'F', '1', '1', 'system:messageKey:remove', '#', 103, 1, sysdate, NULL, NULL, '');
insert into sys_menu values('1815', '消息常量导出', '1810', 5, '#', '', NULL, 0, 1, 'F', '1', '1', 'system:messageKey:export', '#', 103, 1, sysdate, NULL, NULL, '');
-- 消息模板
insert into sys_menu values('1820', '消息模板',    '1801', 3, 'messageTemplate', 'system/messageTemplate/index', NULL, 0, 1, 'C', '1', '1', 'system:messageTemplate:list', 'relativity', 103, 1, sysdate, 1, sysdate, '消息模板菜单');
insert into sys_menu values('1821', '消息模板查询', '1820', 1, '#', '', NULL, 0, 1, 'F', '1', '1', 'system:messageTemplate:query', '#', 103, 1, sysdate, NULL, NULL, '');
insert into sys_menu values('1822', '消息模板新增', '1820', 2, '#', '', NULL, 0, 1, 'F', '1', '1', 'system:messageTemplate:add', '#', 103, 1, sysdate, NULL, NULL, '');
insert into sys_menu values('1823', '消息模板修改', '1820', 3, '#', '', NULL, 0, 1, 'F', '1', '1', 'system:messageTemplate:edit', '#', 103, 1, sysdate, NULL, NULL, '');
insert into sys_menu values('1824', '消息模板删除', '1820', 4, '#', '', NULL, 0, 1, 'F', '1', '1', 'system:messageTemplate:remove', '#', 103, 1, sysdate, NULL, NULL, '');
insert into sys_menu values('1825', '消息模板导出', '1820', 5, '#', '', NULL, 0, 1, 'F', '1', '1', 'system:messageTemplate:export', '#', 103, 1, sysdate, NULL, NULL, '');
insert into sys_menu values('1826', '发送测试消息', '1820', 6, '', NULL, NULL, 0, 1, 'F', '1', '1', 'system:messageTemplate:test', '#', 103, 1, sysdate, 1, sysdate, '');
-- 消息发送记录
insert into sys_menu values('1830', '消息发送记录',    '1801', 4, 'messageLog', 'system/messageLog/index', NULL, 0, 1, 'C', '1', '1', 'system:messageLog:list', 'history', 103, 1, sysdate, 1, sysdate, '消息发送记录菜单');
insert into sys_menu values('1831', '消息发送记录查询', '1830', 1, '#', '', NULL, 0, 1, 'F', '1', '1', 'system:messageLog:query', '#', 103, 1, sysdate, NULL, NULL, '');
insert into sys_menu values('1832', '消息发送记录删除', '1830', 4, '#', '', NULL, 0, 1, 'F', '1', '1', 'system:messageLog:remove', '#', 103, 1, sysdate, NULL, NULL, '');
insert into sys_menu values('1833', '消息发送记录导出', '1830', 5, '#', '', NULL, 0, 1, 'F', '1', '1', 'system:messageLog:export', '#', 103, 1, sysdate, NULL, NULL, '');

-- ----------------------------
-- 6、用户和角色关联表  用户N-1角色
-- ----------------------------
create table sys_user_role (
  user_id  number(20)  not null,
  role_id  number(20)  not null
);

alter table sys_user_role add constraint pk_sys_user_role primary key (user_id, role_id);

comment on table  sys_user_role              is '用户和角色关联表';
comment on column sys_user_role.user_id      is '用户ID';
comment on column sys_user_role.role_id      is '角色ID';

-- ----------------------------
-- 初始化-用户和角色关联表数据
-- ----------------------------
insert into sys_user_role values ('1', '1');


-- ----------------------------
-- 7、角色和菜单关联表  角色1-N菜单
-- ----------------------------
create table sys_role_menu (
  role_id  number(20)  not null,
  menu_id  number(20)  not null
);

alter table sys_role_menu add constraint pk_sys_role_menu primary key (role_id, menu_id);

comment on table  sys_role_menu              is '角色和菜单关联表';
comment on column sys_role_menu.role_id      is '角色ID';
comment on column sys_role_menu.menu_id      is '菜单ID';

-- ----------------------------
-- 初始化-角色和菜单关联表数据
-- ----------------------------
insert into sys_role_menu values ('2', '1');
insert into sys_role_menu values ('2', '2');
insert into sys_role_menu values ('2', '3');
insert into sys_role_menu values ('2', '4');
insert into sys_role_menu values ('2', '100');
insert into sys_role_menu values ('2', '101');
insert into sys_role_menu values ('2', '102');
insert into sys_role_menu values ('2', '103');
insert into sys_role_menu values ('2', '104');
insert into sys_role_menu values ('2', '105');
insert into sys_role_menu values ('2', '106');
insert into sys_role_menu values ('2', '107');
insert into sys_role_menu values ('2', '108');
insert into sys_role_menu values ('2', '109');
insert into sys_role_menu values ('2', '110');
insert into sys_role_menu values ('2', '111');
insert into sys_role_menu values ('2', '112');
insert into sys_role_menu values ('2', '113');
insert into sys_role_menu values ('2', '114');
insert into sys_role_menu values ('2', '115');
insert into sys_role_menu values ('2', '116');
insert into sys_role_menu values ('2', '500');
insert into sys_role_menu values ('2', '501');
insert into sys_role_menu values ('2', '1000');
insert into sys_role_menu values ('2', '1001');
insert into sys_role_menu values ('2', '1002');
insert into sys_role_menu values ('2', '1003');
insert into sys_role_menu values ('2', '1004');
insert into sys_role_menu values ('2', '1005');
insert into sys_role_menu values ('2', '1006');
insert into sys_role_menu values ('2', '1007');
insert into sys_role_menu values ('2', '1008');
insert into sys_role_menu values ('2', '1009');
insert into sys_role_menu values ('2', '1010');
insert into sys_role_menu values ('2', '1011');
insert into sys_role_menu values ('2', '1012');
insert into sys_role_menu values ('2', '1013');
insert into sys_role_menu values ('2', '1014');
insert into sys_role_menu values ('2', '1015');
insert into sys_role_menu values ('2', '1016');
insert into sys_role_menu values ('2', '1017');
insert into sys_role_menu values ('2', '1018');
insert into sys_role_menu values ('2', '1019');
insert into sys_role_menu values ('2', '1020');
insert into sys_role_menu values ('2', '1021');
insert into sys_role_menu values ('2', '1022');
insert into sys_role_menu values ('2', '1023');
insert into sys_role_menu values ('2', '1024');
insert into sys_role_menu values ('2', '1025');
insert into sys_role_menu values ('2', '1026');
insert into sys_role_menu values ('2', '1027');
insert into sys_role_menu values ('2', '1028');
insert into sys_role_menu values ('2', '1029');
insert into sys_role_menu values ('2', '1030');
insert into sys_role_menu values ('2', '1031');
insert into sys_role_menu values ('2', '1032');
insert into sys_role_menu values ('2', '1033');
insert into sys_role_menu values ('2', '1034');
insert into sys_role_menu values ('2', '1035');
insert into sys_role_menu values ('2', '1036');
insert into sys_role_menu values ('2', '1037');
insert into sys_role_menu values ('2', '1038');
insert into sys_role_menu values ('2', '1039');
insert into sys_role_menu values ('2', '1040');
insert into sys_role_menu values ('2', '1041');
insert into sys_role_menu values ('2', '1042');
insert into sys_role_menu values ('2', '1043');
insert into sys_role_menu values ('2', '1044');
insert into sys_role_menu values ('2', '1045');
insert into sys_role_menu values ('2', '1050');
insert into sys_role_menu values ('2', '1046');
insert into sys_role_menu values ('2', '1047');
insert into sys_role_menu values ('2', '1048');
insert into sys_role_menu values ('2', '1055');
insert into sys_role_menu values ('2', '1056');
insert into sys_role_menu values ('2', '1057');
insert into sys_role_menu values ('2', '1058');
insert into sys_role_menu values ('2', '1059');
insert into sys_role_menu values ('2', '1060');
insert into sys_role_menu values ('2', '1061');
insert into sys_role_menu values ('2', '1062');
insert into sys_role_menu values ('2', '1063');
insert into sys_role_menu values ('2', '1064');
insert into sys_role_menu values ('2', '1065');

-- ----------------------------
-- 8、角色和部门关联表  角色1-N部门
-- ----------------------------
create table sys_role_dept (
  role_id  number(20)  not null,
  dept_id  number(20)  not null
);

alter table sys_role_dept add constraint pk_sys_role_dept primary key (role_id, dept_id);

comment on table  sys_role_dept              is '角色和部门关联表';
comment on column sys_role_dept.role_id      is '角色ID';
comment on column sys_role_dept.dept_id      is '部门ID';

-- ----------------------------
-- 初始化-角色和部门关联表数据
-- ----------------------------
insert into sys_role_dept values ('2', '100');
insert into sys_role_dept values ('2', '101');
insert into sys_role_dept values ('2', '105');


-- ----------------------------
-- 9、用户与岗位关联表  用户1-N岗位
-- ----------------------------
create table sys_user_post (
  user_id number(20)  not null,
  post_id number(20)  not null
);

alter table sys_user_post add constraint pk_sys_user_post primary key (user_id, post_id);

comment on table  sys_user_post              is '用户与岗位关联表';
comment on column sys_user_post.user_id      is '用户ID';
comment on column sys_user_post.post_id      is '岗位ID';

-- ----------------------------
-- 初始化-用户与岗位关联表数据
-- ----------------------------
insert into sys_user_post values ('1', '1');
insert into sys_user_post values ('2', '2');


-- ----------------------------
-- 10、操作日志记录
-- ----------------------------
create table sys_oper_log (
  oper_id           number(20)      not null,
  tenant_id         varchar2(20)    default '000000',
  title             varchar2(50)    default '',
  business_type     number(2)       default 0,
  method            varchar2(100)   default '',
  request_method    varchar2(10)    default '',
  operator_type     number(1)       default 0,
  oper_name         varchar2(50)    default '',
  dept_name         varchar2(50)    default '',
  oper_url          varchar2(255)   default '',
  oper_ip           varchar2(128)   default '',
  oper_location     varchar2(255)   default '',
  oper_param        varchar2(2100)  default '',
  json_result       varchar2(2100)  default '',
  status            number(1)       default 1,
  error_msg         varchar2(2100)  default '',
  oper_time         date,
  cost_time         number(20)      default 0
);

alter table sys_oper_log add constraint pk_sys_oper_log primary key (oper_id);
create index idx_sys_oper_log_bt on sys_oper_log (business_type);
create index idx_sys_oper_log_s on sys_oper_log (status);
create index idx_sys_oper_log_ot on sys_oper_log (oper_time);

comment on table  sys_oper_log                is '操作日志记录';
comment on column sys_oper_log.oper_id        is '日志主键';
comment on column sys_oper_log.tenant_id      is '租户编号';
comment on column sys_oper_log.title          is '模块标题';
comment on column sys_oper_log.business_type  is '业务类型（0其它 1新增 2修改 3删除）';
comment on column sys_oper_log.method         is '方法名称';
comment on column sys_oper_log.request_method is '请求方式';
comment on column sys_oper_log.operator_type  is '操作类别（0其它 1后台用户 2手机端用户）';
comment on column sys_oper_log.oper_name      is '操作人员';
comment on column sys_oper_log.dept_name      is '部门名称';
comment on column sys_oper_log.oper_url       is '请求URL';
comment on column sys_oper_log.oper_ip        is '主机地址';
comment on column sys_oper_log.oper_location  is '操作地点';
comment on column sys_oper_log.oper_param     is '请求参数';
comment on column sys_oper_log.json_result    is '返回参数';
comment on column sys_oper_log.status         is '操作状态（1正常 0异常）';
comment on column sys_oper_log.error_msg      is '错误消息';
comment on column sys_oper_log.oper_time      is '操作时间';
comment on column sys_oper_log.cost_time      is '消耗时间';


-- ----------------------------
-- 11、字典类型表
-- ----------------------------
create table sys_dict_type (
  dict_id           number(20)      not null,
  tenant_id         varchar2(20)    default '000000',
  dict_name         varchar2(100)   default '',
  dict_type         varchar2(100)   default '',
  create_dept       number(20)      default null,
  create_by         number(20)      default null,
  create_time       date,
  update_by         number(20)      default null,
  update_time       date,
  remark            varchar2(500)   default null
);

alter table sys_dict_type add constraint pk_sys_dict_type primary key (dict_id);
create unique index sys_dict_type_index1 on sys_dict_type (tenant_id, dict_type);

comment on table  sys_dict_type               is '字典类型表';
comment on column sys_dict_type.dict_id       is '字典主键';
comment on column sys_dict_type.tenant_id     is '租户编号';
comment on column sys_dict_type.dict_name     is '字典名称';
comment on column sys_dict_type.dict_type     is '字典类型';
comment on column sys_dict_type.create_dept   is '创建部门';
comment on column sys_dict_type.create_by     is '创建者';
comment on column sys_dict_type.create_time   is '创建时间';
comment on column sys_dict_type.update_by     is '更新者';
comment on column sys_dict_type.update_time   is '更新时间';
comment on column sys_dict_type.remark        is '备注';

insert into sys_dict_type values(1, '000000', '用户性别', 'sys_user_sex',        103, 1, sysdate, null, null, '用户性别列表');
insert into sys_dict_type values(2, '000000', '菜单状态', 'sys_show_hide',       103, 1, sysdate, null, null, '菜单状态列表');
insert into sys_dict_type values(3, '000000', '系统开关', 'sys_normal_disable',  103, 1, sysdate, null, null, '系统开关列表');
insert into sys_dict_type values(6, '000000', '系统是否', 'sys_yes_no',          103, 1, sysdate, null, null, '系统是否列表');
insert into sys_dict_type values(7, '000000', '通知类型', 'sys_notice_type',     103, 1, sysdate, null, null, '通知类型列表');
insert into sys_dict_type values(8, '000000', '通知状态', 'sys_notice_status',   103, 1, sysdate, null, null, '通知状态列表');
insert into sys_dict_type values(9, '000000', '操作类型', 'sys_oper_type',       103, 1, sysdate, null, null, '操作类型列表');
insert into sys_dict_type values(10, '000000', '系统状态', 'sys_common_status',   103, 1, sysdate, null, null, '登录状态列表');
insert into sys_dict_type values(11, '000000', '应用类型', 'sys_app_type', 103, 1, sysdate, 1, sysdate, '应用管理列表');
insert into sys_dict_type values(12, '000000', '消息类型', 'sys_message_type', 103, 1, sysdate, 1, sysdate, NULL);
insert into sys_dict_type values(13, '000000', '消息支持平台', 'sys_message_supplier_type', 103, 1, sysdate, 1, sysdate, NULL);
insert into sys_dict_type values(14, '000000', '消息模板类型', 'sys_message_template_mode', 103, 1, sysdate, 1, sysdate, NULL);
insert into sys_dict_type values(15, '000000', '授权类型', 'sys_grant_type',     103, 1, sysdate, null, null, '认证授权类型');
insert into sys_dict_type values(16, '000000', '设备类型', 'sys_device_type',    103, 1, sysdate, null, null, '客户端设备类型');


-- ----------------------------
-- 12、字典数据表
-- ----------------------------
create table sys_dict_data (
  dict_code        number(20)      not null,
  tenant_id        varchar2(20)    default '000000',
  dict_sort        number(4)       default 0,
  dict_label       varchar2(100)   default '',
  dict_value       varchar2(100)   default '',
  dict_type        varchar2(100)   default '',
  css_class        varchar2(100)   default null,
  list_class       varchar2(100)   default null,
  tag_style        varchar2(50)    default null,
  is_default       char(1)         default 'N',
  create_dept      number(20)      default null,
  create_by        number(20)      default null,
  create_time      date,
  update_by        number(20)      default null,
  update_time      date,
  remark           varchar2(500)   default null
);

alter table sys_dict_data add constraint pk_sys_dict_data primary key (dict_code);

comment on table  sys_dict_data               is '字典数据表';
comment on column sys_dict_data.dict_code     is '字典主键';
comment on column sys_dict_data.tenant_id     is '租户编号';
comment on column sys_dict_data.dict_sort     is '字典排序';
comment on column sys_dict_data.dict_label    is '字典标签';
comment on column sys_dict_data.dict_value    is '字典键值';
comment on column sys_dict_data.dict_type     is '字典类型';
comment on column sys_dict_data.css_class     is '样式属性（其他样式扩展）';
comment on column sys_dict_data.list_class    is '表格回显样式';
comment on column sys_dict_data.tag_style     is '回显风格';
comment on column sys_dict_data.is_default    is '是否默认（Y是 N否）';
comment on column sys_dict_data.create_dept   is '创建部门';
comment on column sys_dict_data.create_by     is '创建者';
comment on column sys_dict_data.create_time   is '创建时间';
comment on column sys_dict_data.update_by     is '更新者';
comment on column sys_dict_data.update_time   is '更新时间';
comment on column sys_dict_data.remark        is '备注';

insert into sys_dict_data values(1, '000000', 1,  '男',       '0',       'sys_user_sex',        '',   '', '',        'Y', 103, 1, sysdate, null, null, '性别男');
insert into sys_dict_data values(2, '000000', 2,  '女',       '1',       'sys_user_sex',        '',   '', '',        'N', 103, 1, sysdate, null, null, '性别女');
insert into sys_dict_data values(3, '000000', 3,  '未知',     '2',       'sys_user_sex',        '',   '', '',        'N', 103, 1, sysdate, null, null, '性别未知');
insert into sys_dict_data values(4, '000000', 1,  '显示',     '1',       'sys_show_hide',       '',   'primary', '', 'Y', 103, 1, sysdate, null, null, '显示菜单');
insert into sys_dict_data values(5, '000000', 2,  '隐藏',     '0',       'sys_show_hide',       '',   'danger', '',  'N', 103, 1, sysdate, null, null, '隐藏菜单');
insert into sys_dict_data values(6, '000000', 1,  '正常',     '1',       'sys_normal_disable',  '',   'primary', '', 'Y', 103, 1, sysdate, null, null, '正常状态');
insert into sys_dict_data values(7, '000000', 2,  '停用',     '0',       'sys_normal_disable',  '',   'danger', '',  'N', 103, 1, sysdate, null, null, '停用状态');
insert into sys_dict_data values(12, '000000', 1,  '是',       'Y',       'sys_yes_no',          '',   'primary', '', 'Y', 103, 1, sysdate, null, null, '系统默认是');
insert into sys_dict_data values(13, '000000', 2,  '否',       'N',       'sys_yes_no',          '',   'danger', '',  'N', 103, 1, sysdate, null, null, '系统默认否');
insert into sys_dict_data values(14, '000000', 1,  '通知',     '1',       'sys_notice_type',     '',   'warning', '', 'Y', 103, 1, sysdate, null, null, '通知');
insert into sys_dict_data values(15, '000000', 2,  '公告',     '2',       'sys_notice_type',     '',   'success', '', 'N', 103, 1, sysdate, null, null, '公告');
insert into sys_dict_data values(16, '000000', 1,  '正常',     '1',       'sys_notice_status',   '',   'primary', '', 'Y', 103, 1, sysdate, null, null, '正常状态');
insert into sys_dict_data values(17, '000000', 2,  '关闭',     '0',       'sys_notice_status',   '',   'danger', '',  'N', 103, 1, sysdate, null, null, '关闭状态');
insert into sys_dict_data values(29, '000000', 99, '其他',     '0',       'sys_oper_type',       '',   'primary', '', 'N', 103, 1, sysdate, null, null, '其他操作');
insert into sys_dict_data values(18, '000000', 1,  '新增',     '1',       'sys_oper_type',       '',   'primary', '', 'N', 103, 1, sysdate, null, null, '新增操作');
insert into sys_dict_data values(19, '000000', 2,  '修改',     '2',       'sys_oper_type',       '',   'primary', '', 'N', 103, 1, sysdate, null, null, '修改操作');
insert into sys_dict_data values(20, '000000', 3,  '删除',     '3',       'sys_oper_type',       '',   'danger', '',  'N', 103, 1, sysdate, null, null, '删除操作');
insert into sys_dict_data values(21, '000000', 4,  '授权',     '4',       'sys_oper_type',       '',   'primary', '', 'N', 103, 1, sysdate, null, null, '授权操作');
insert into sys_dict_data values(22, '000000', 5,  '导出',     '5',       'sys_oper_type',       '',   'warning', '', 'N', 103, 1, sysdate, null, null, '导出操作');
insert into sys_dict_data values(23, '000000', 6,  '导入',     '6',       'sys_oper_type',       '',   'warning', '', 'N', 103, 1, sysdate, null, null, '导入操作');
insert into sys_dict_data values(24, '000000', 7,  '强退',     '7',       'sys_oper_type',       '',   'danger', '',  'N', 103, 1, sysdate, null, null, '强退操作');
insert into sys_dict_data values(25, '000000', 8,  '生成代码', '8',       'sys_oper_type',       '',   'warning', '', 'N', 103, 1, sysdate, null, null, '生成操作');
insert into sys_dict_data values(26, '000000', 9,  '清空数据', '9',       'sys_oper_type',       '',   'danger', '',  'N', 103, 1, sysdate, null, null, '清空操作');
insert into sys_dict_data values(27, '000000', 1,  '成功',     '1',       'sys_common_status',   '',   'primary', '', 'N', 103, 1, sysdate, null, null, '正常状态');
insert into sys_dict_data values(28, '000000', 2,  '失败',     '0',       'sys_common_status',   '',   'danger', '',  'N', 103, 1, sysdate, null, null, '停用状态');
insert into sys_dict_data values(30, '000000', 0, '域名', 'DOMAIN', 'sys_app_type', null, 'primary', '', 'N', 103, 1, sysdate, 1, sysdate, null);
insert into sys_dict_data values(31, '000000', 1, '微信小程序', 'WX_XCX', 'sys_app_type', null, 'primary', '', 'N', 103, 1, sysdate, 1, sysdate, null);
insert into sys_dict_data values(32, '000000', 2, '微信公众号', 'WX_GZH', 'sys_app_type', null, 'primary', '', 'N', 103, 1, sysdate, 1, sysdate, null);
insert into sys_dict_data values(33, '000000', 3, 'APP', 'APP', 'sys_app_type', null, 'primary', '', 'N', 103, 1, sysdate, 1, sysdate, null);
insert into sys_dict_data values(34, '000000', 0, '短信', 'SMS', 'sys_message_type', null, 'primary', '', 'N', 103, 1, sysdate, 1, sysdate, null);
insert into sys_dict_data values(35, '000000', 1, '邮箱', 'MAIL', 'sys_message_type', null, 'primary', '', 'N', 103, 1, sysdate, 1, sysdate, null);
insert into sys_dict_data values(36, '000000', 1, '阿里云短信', 'ALIBABA', 'sys_message_supplier_type', null, 'primary', '', 'N', 103, 1, sysdate, 1, sysdate, null);
insert into sys_dict_data values(37, '000000', 2, '华为云短信', 'HUAWEI', 'sys_message_supplier_type', null, 'primary', '', 'N', 103, 1, sysdate, 1, sysdate, null);
insert into sys_dict_data values(38, '000000', 3, '腾讯云短信', 'TENCENT', 'sys_message_supplier_type', null, 'primary', '', 'N', 103, 1, sysdate, 1, sysdate, null);
insert into sys_dict_data values(39, '000000', 4, '云片短信', 'YUNPIAN', 'sys_message_supplier_type', null, 'primary', '', 'N', 103, 1, sysdate, 1, sysdate, null);
insert into sys_dict_data values(40, '000000', 5, '合一短信', 'UNI_SMS', 'sys_message_supplier_type', null, 'primary', '', 'N', 103, 1, sysdate, 1, sysdate, null);
insert into sys_dict_data values(41, '000000', 6, '京东云短信', 'JD_CLOUD', 'sys_message_supplier_type', null, 'primary', '', 'N', 103, 1, sysdate, 1, sysdate, null);
insert into sys_dict_data values(42, '000000', 7, '容联云短信', 'CLOOPEN', 'sys_message_supplier_type', null, 'primary', '', 'N', 103, 1, sysdate, 1, sysdate, null);
insert into sys_dict_data values(43, '000000', 8, '亿美软通短信', 'EMAY', 'sys_message_supplier_type', null, 'primary', '', 'N', 103, 1, sysdate, 1, sysdate, null);
insert into sys_dict_data values(44, '000000', 9, '天翼云短信', 'CTYUN', 'sys_message_supplier_type', null, 'primary', '', 'N', 103, 1, sysdate, 1, sysdate, null);
insert into sys_dict_data values(45, '000000', 0, '邮箱', 'MAIL', 'sys_message_supplier_type', null, 'primary', '', 'N', 103, 1, sysdate, 1, sysdate, null);
insert into sys_dict_data values(46, '000000', 10, '网易云短信', 'NETEASE', 'sys_message_supplier_type', null, 'primary', '', 'N', 103, 1, sysdate, 1, sysdate, null);
insert into sys_dict_data values(47, '000000', 0, '模板ID', 'TEMPLATE_ID', 'sys_message_template_mode', null, 'primary', '', 'N', 103, 1, sysdate, 1, sysdate, null);
insert into sys_dict_data values(48, '000000', 1, '模板内容', 'TEMPLATE_CONTENT', 'sys_message_template_mode', null, 'primary', '', 'N', 103, 1, sysdate, 1, sysdate, null);
insert into sys_dict_data values(49, '000000', 0,  '密码认证', 'password',   'sys_grant_type',   '',   'primary', 'light-outline', 'N', 103, 1, sysdate, null, null, '密码认证');
insert into sys_dict_data values(50, '000000', 0,  '短信认证', 'sms',        'sys_grant_type',   '',   'primary', 'light-outline', 'N', 103, 1, sysdate, null, null, '短信认证');
insert into sys_dict_data values(51, '000000', 0,  '邮件认证', 'email',      'sys_grant_type',   '',   'primary', 'light-outline', 'N', 103, 1, sysdate, null, null, '邮件认证');
insert into sys_dict_data values(52, '000000', 0,  '小程序认证', 'xcx',      'sys_grant_type',   '',   'primary', 'light-outline', 'N', 103, 1, sysdate, null, null, '小程序认证');
insert into sys_dict_data values(53, '000000', 0,  '三方登录认证', 'social', 'sys_grant_type',   '',   'primary', 'light-outline', 'N', 103, 1, sysdate, null, null, '三方登录认证');
insert into sys_dict_data values(54, '000000', 0,  'PC',    'pc',         'sys_device_type',     '',   'primary', '', 'N', 103, 1, sysdate, null, null, 'PC');
insert into sys_dict_data values(55, '000000', 0,  '安卓', 'android',     'sys_device_type',     '',   'primary', '', 'N', 103, 1, sysdate, null, null, '安卓');
insert into sys_dict_data values(56, '000000', 0,  'iOS', 'ios',          'sys_device_type',     '',   'primary', '', 'N', 103, 1, sysdate, null, null, 'iOS');
insert into sys_dict_data values(57, '000000', 0,  '小程序', 'xcx',       'sys_device_type',     '',   'primary', '', 'N', 103, 1, sysdate, null, null, '小程序');
insert into sys_dict_data values(58, '000000', 11, '助通短信', 'ZHUTONG', 'sys_message_supplier_type', null, 'primary', '', 'N', 103, 1, sysdate, 1, sysdate, null);


-- ----------------------------
-- 13、参数配置表
-- ----------------------------
create table sys_config (
  config_id         number(20)     not null,
  tenant_id         varchar2(20)   default '000000',
  config_name       varchar2(100)  default '',
  config_key        varchar2(100)  default '',
  config_value      nclob          default null,
  config_type       char(1)        default 'N',
  is_global         number(1)      not null,
  create_dept       number(20)     default null,
  create_by         number(20)     default null,
  create_time       date,
  update_by         number(20)     default null,
  update_time       date,
  remark            varchar2(500)  default null
);
alter table sys_config add constraint pk_sys_config primary key (config_id);

comment on table  sys_config               is '参数配置表';
comment on column sys_config.config_id     is '参数主键';
comment on column sys_config.tenant_id     is '租户编号';
comment on column sys_config.config_name   is '参数名称';
comment on column sys_config.config_key    is '参数键名';
comment on column sys_config.config_value  is '参数键值';
comment on column sys_config.config_type   is '系统内置（Y是 N否）';
comment on column sys_config.is_global     is '是否是全局配置 1是 0否';
comment on column sys_config.create_dept   is '创建部门';
comment on column sys_config.create_by     is '创建者';
comment on column sys_config.create_time   is '创建时间';
comment on column sys_config.update_by     is '更新者';
comment on column sys_config.update_time   is '更新时间';
comment on column sys_config.remark        is '备注';

insert into sys_config values(1, '000000', '主框架页-默认皮肤样式名称',      'sys.index.skinName',            'skin-blue',     'Y', 0, 103, 1, sysdate, null, null, '蓝色 skin-blue、绿色 skin-green、紫色 skin-purple、红色 skin-red、黄色 skin-yellow' );
insert into sys_config values(2, '000000', '用户管理-账号初始密码',         'sys.user.initPassword',         '123456',        'Y', 0, 103, 1, sysdate, null, null, '初始化密码 123456' );
insert into sys_config values(3, '000000', '主框架页-侧边栏主题',           'sys.index.sideTheme',           'theme-dark',    'Y', 0, 103, 1, sysdate, null, null, '深色主题theme-dark，浅色主题theme-light' );
insert into sys_config values(5, '000000', '账号自助-是否开启用户注册功能',   'sys.account.registerUser',      'false',         'Y', 1, 103, 1, sysdate, null, null, '是否开启注册用户功能（true开启，false关闭）');
insert into sys_config values(11, '000000', 'OSS预览列表资源开关',          'sys.oss.previewListResource',   'true',          'Y', 1, 103, 1, sysdate, null, null, 'true:开启, false:关闭');


-- ----------------------------
-- 14、系统访问记录
-- ----------------------------
create table sys_logininfor (
  info_id         number(20)     not null,
  tenant_id       varchar2(20)   default '000000',
  user_name       varchar2(50)   default '',
  ipaddr          varchar2(128)  default '',
  login_location  varchar2(255)  default '',
  browser         varchar2(50)   default '',
  os              varchar2(50)   default '',
  status          char(1)        default '1',
  client_key      varchar2(32)   default '',
  device_type     varchar2(32)   default '',
  msg             varchar2(255)  default '',
  login_time      date
);

alter table sys_logininfor add constraint pk_sys_logininfor primary key (info_id);
create index idx_sys_logininfor_s on sys_logininfor (status);
create index idx_sys_logininfor_lt on sys_logininfor (login_time);

comment on table  sys_logininfor                is '系统访问记录';
comment on column sys_logininfor.info_id        is '访问ID';
comment on column sys_logininfor.tenant_id      is '租户编号';
comment on column sys_logininfor.user_name      is '登录账号';
comment on column sys_logininfor.ipaddr         is '登录IP地址';
comment on column sys_logininfor.login_location is '登录地点';
comment on column sys_logininfor.browser        is '浏览器类型';
comment on column sys_logininfor.os             is '操作系统';
comment on column sys_logininfor.status         is '登录状态（1成功 0失败）';
comment on column sys_logininfor.client_key     is '客户端';
comment on column sys_logininfor.device_type    is '设备类型';
comment on column sys_logininfor.msg            is '提示消息';
comment on column sys_logininfor.login_time     is '访问时间';


-- ----------------------------
-- 17、通知公告表
-- ----------------------------
create table sys_notice (
  notice_id         number(20)      not null,
  tenant_id         varchar2(20)    default '000000',
  notice_title      varchar2(50)    not null,
  notice_type       char(1)         not null,
  notice_content    clob            default null,
  status            char(1)         default '1',
  create_dept       number(20)      default null,
  create_by         number(20)      default null,
  create_time       date,
  update_by         number(20)      default null,
  update_time       date,
  remark            varchar2(255)   default null
);

alter table sys_notice add constraint pk_sys_notice primary key (notice_id);

comment on table  sys_notice                   is '通知公告表';
comment on column sys_notice.notice_id         is '公告主键';
comment on column sys_notice.tenant_id         is '租户编号';
comment on column sys_notice.notice_title      is '公告标题';
comment on column sys_notice.notice_type       is '公告类型（1通知 2公告）';
comment on column sys_notice.notice_content    is '公告内容';
comment on column sys_notice.status            is '公告状态（0正常 1关闭）';
comment on column sys_notice.create_dept       is '创建部门';
comment on column sys_notice.create_by         is '创建者';
comment on column sys_notice.create_time       is '创建时间';
comment on column sys_notice.update_by         is '更新者';
comment on column sys_notice.update_time       is '更新时间';
comment on column sys_notice.remark            is '备注';

-- ----------------------------
-- 初始化-公告信息表数据
-- ----------------------------
insert into sys_notice values('1', '000000', '温馨提醒：2018-07-01 新版本发布啦', '2', '新版本内容', '1', 103, 1, sysdate, null, null, '管理员');
insert into sys_notice values('2', '000000', '维护通知：2018-07-01 系统凌晨维护', '1', '维护内容',   '1', 103, 1, sysdate, null, null, '管理员');


-- ----------------------------
-- 18、代码生成业务表
-- ----------------------------
create table gen_table (
  table_id          number(20)       not null,
  data_name         varchar2(200)    default '',
  table_name        varchar2(200)    default '',
  table_comment     varchar2(500)    default '',
  class_name        varchar2(100)    default '',
  tpl_category      varchar2(200)    default 'crud',
  package_name      varchar2(100),
  module_name       varchar2(30),
  business_name     varchar2(30),
  function_name     varchar2(50),
  function_author   varchar2(50),
  gen_type          char(1)          default '0',
  gen_path          varchar2(200)    default '/',
  options           varchar2(1000),
  create_dept       number(20)       default null,
  create_by         number(20)       default null,
  create_time       date,
  update_by         number(20)       default null,
  update_time       date,
  remark            varchar2(500)    default null
);

alter table gen_table add constraint pk_gen_table primary key (table_id);

comment on table  gen_table                   is '代码生成业务表';
comment on column gen_table.table_id          is '编号';
comment on column gen_table.data_name         is '数据源名称';
comment on column gen_table.table_name        is '表名称';
comment on column gen_table.table_comment     is '表描述';
comment on column gen_table.class_name        is '实体类名称';
comment on column gen_table.tpl_category      is '使用的模板（crud单表操作 tree树表操作）';
comment on column gen_table.package_name      is '生成包路径';
comment on column gen_table.module_name       is '生成模块名';
comment on column gen_table.business_name     is '生成业务名';
comment on column gen_table.function_name     is '生成功能名';
comment on column gen_table.function_author   is '生成功能作者';
comment on column gen_table.gen_type          is '生成代码方式（0zip压缩包 1自定义路径）';
comment on column gen_table.gen_path          is '生成路径（不填默认项目路径）';
comment on column gen_table.options           is '其它生成选项';
comment on column gen_table.create_dept       is '创建部门';
comment on column gen_table.create_by         is '创建者';
comment on column gen_table.create_time       is '创建时间';
comment on column gen_table.update_by         is '更新者';
comment on column gen_table.update_time       is '更新时间';
comment on column gen_table.remark            is '备注';


-- ----------------------------
-- 19、代码生成业务表字段
-- ----------------------------
create table gen_table_column (
  column_id         number(20)      not null,
  table_id          number(20),
  column_name       varchar2(200),
  column_comment    varchar2(500),
  column_type       varchar2(100),
  java_type         varchar2(500),
  java_field        varchar2(200),
  is_pk             char(1),
  is_increment      char(1),
  is_required       char(1),
  is_insert         char(1),
  is_edit           char(1),
  is_list           char(1),
  is_query          char(1),
  is_detail         char(1),
  is_sort           char(1),
  query_type        varchar2(200)    default 'EQ',
  html_type         varchar2(200),
  dict_type         varchar2(200)    default '',
  sort              number(4),
  create_dept       number(20)       default null,
  create_by         number(20)       default null,
  create_time       date ,
  update_by         number(20)       default null,
  update_time       date
);

alter table gen_table_column add constraint pk_gen_table_column primary key (column_id);

comment on table  gen_table_column                is '代码生成业务表字段';
comment on column gen_table_column.column_id      is '编号';
comment on column gen_table_column.table_id       is '归属表编号';
comment on column gen_table_column.column_name    is '列名称';
comment on column gen_table_column.column_comment is '列描述';
comment on column gen_table_column.column_type    is '列类型';
comment on column gen_table_column.java_type      is 'JAVA类型';
comment on column gen_table_column.java_field     is 'JAVA字段名';
comment on column gen_table_column.is_pk          is '是否主键（1是）';
comment on column gen_table_column.is_increment   is '是否自增（1是）';
comment on column gen_table_column.is_required    is '是否必填（1是）';
comment on column gen_table_column.is_insert      is '是否为插入字段（1是）';
comment on column gen_table_column.is_edit        is '是否编辑字段（1是）';
comment on column gen_table_column.is_list        is '是否列表字段（1是）';
comment on column gen_table_column.is_query       is '是否查询字段（1是）';
comment on column gen_table_column.is_detail      is '是否详情字段 (1是)';
comment on column gen_table_column.is_sort        is '是否排序字段 (1是)';
comment on column gen_table_column.query_type     is '查询方式（等于、不等于、大于、小于、范围）';
comment on column gen_table_column.html_type      is '显示类型（文本框、文本域、下拉框、复选框、单选框、日期控件）';
comment on column gen_table_column.dict_type      is '字典类型';
comment on column gen_table_column.sort           is '排序';
comment on column gen_table_column.create_dept    is '创建部门';
comment on column gen_table_column.create_by      is '创建者';
comment on column gen_table_column.create_time    is '创建时间';
comment on column gen_table_column.update_by      is '更新者';
comment on column gen_table_column.update_time    is '更新时间';


-- ----------------------------
-- OSS对象存储表
-- ----------------------------
create table sys_oss (
  oss_id            number(20)      not null,
  tenant_id         varchar2(20)    default '000000',
  file_name         varchar2(255)   not null,
  original_name     varchar2(255)   not null,
  file_suffix       varchar2(10)    not null,
  url               varchar2(500)   not null,
  "size"            number(20)      not null,
  content_type      varchar2(255),
  oss_category_id   number(20)      default 0       not null,
  user_type         varchar2(20)    default ''       not null,
  is_lock           number(4)       default 0       not null,
  service           varchar2(20)    default 'minio' not null,
  create_dept       number(20)      default null,
  create_by         number(20)      default null,
  create_time       date,
  update_by         number(20)      default null,
  update_time       date
);

alter table sys_oss add constraint pk_sys_oss primary key (oss_id);
create index idx_oss_category_id on sys_oss (oss_category_id);
create index idx_user on sys_oss (create_by, user_type, create_time);
comment on table sys_oss                    is 'OSS对象存储表';
comment on column sys_oss.oss_id            is '对象存储主键';
comment on column sys_oss.tenant_id         is '租户编码';
comment on column sys_oss.file_name         is '文件名';
comment on column sys_oss.original_name     is '原名';
comment on column sys_oss.file_suffix       is '文件后缀名';
comment on column sys_oss.url               is 'URL地址';
comment on column sys_oss."size"            is '字节长度';
comment on column sys_oss.content_type      is '内容类型';
comment on column sys_oss.oss_category_id   is '分类id';
comment on column sys_oss.user_type         is '用户类型';
comment on column sys_oss.is_lock           is '是否锁定状态';
comment on column sys_oss.service           is '服务商';
comment on column sys_oss.create_dept       is '创建部门';
comment on column sys_oss.create_time       is '创建时间';
comment on column sys_oss.create_by         is '上传者';
comment on column sys_oss.update_time       is '更新时间';
comment on column sys_oss.update_by         is '更新者';

-- ----------------------------
-- OSS分类表
-- ----------------------------
create table sys_oss_category (
  oss_category_id   number(20)      not null,
  category_name     varchar2(255)   not null,
  parent_id         number(20)      not null,
  category_path     varchar2(2000)  not null,
  "level"           number(11)      not null,
  order_num         number(11)      not null,
  user_type         varchar2(20)    not null,
  create_by         number(20)      not null,
  update_time       date,
  create_time       date            not null,
  primary key (oss_category_id)
);
create index idx_user on sys_oss_category (create_by, user_type, order_num);
comment on column sys_oss_category.oss_category_id  is 'oss分类id';
comment on column sys_oss_category.category_name    is '分类名称';
comment on column sys_oss_category.parent_id        is '父级分类id';
comment on column sys_oss_category.category_path    is '分类路径';
comment on column sys_oss_category."level"          is '层级';
comment on column sys_oss_category.order_num        is '显示顺序';
comment on column sys_oss_category.user_type        is '用户类型';
comment on column sys_oss_category.create_by        is '上传人';
comment on column sys_oss_category.update_time      is '更新时间';
comment on column sys_oss_category.create_time      is '创建时间';
comment on table sys_oss_category is 'OSS分类表';

-- ----------------------------
-- OSS对象存储动态配置表
-- ----------------------------
create table sys_oss_config (
  oss_config_id   number(20)     not null,
  tenant_id       varchar2(20)   default '000000',
  config_key      varchar2(20)   not null,
  access_key      varchar2(255)  default '',
  secret_key      varchar2(255)  default '',
  bucket_name     varchar2(255)  default '',
  prefix          varchar2(255)  default '',
  endpoint        varchar2(255)  default '',
  domain          varchar2(255)  default '',
  is_https        char(1)        default 'N',
  region          varchar2(255)  default '',
  access_policy   char(1)        default '1' not null,
  status          char(1)        default '0',
  create_bucket   number(1)      default 0 not null,
  ext1            varchar2(255)  default '',
  remark          varchar2(500)  default null,
  create_dept     number(20)     default null,
  create_by       number(20)     default null,
  create_time     date,
  update_by       number(20)     default null,
  update_time     date
);

alter table sys_oss_config add constraint pk_sys_oss_config primary key (oss_config_id);

comment on table sys_oss_config                 is '对象存储配置表';
comment on column sys_oss_config.oss_config_id  is '主建';
comment on column sys_oss_config.tenant_id      is '租户编码';
comment on column sys_oss_config.config_key     is '配置key';
comment on column sys_oss_config.access_key     is 'accesskey';
comment on column sys_oss_config.secret_key     is '秘钥';
comment on column sys_oss_config.bucket_name    is '桶名称';
comment on column sys_oss_config.prefix         is '前缀';
comment on column sys_oss_config.endpoint       is '访问站点';
comment on column sys_oss_config.domain         is '自定义域名';
comment on column sys_oss_config.is_https       is '是否https（Y=是,N=否）';
comment on column sys_oss_config.region         is '域';
comment on column sys_oss_config.access_policy  is '桶权限类型(0=private 1=public 2=custom)';
comment on column sys_oss_config.status         is '是否默认（1=是,0=否）';
comment on column sys_oss_config.create_bucket  is '创建桶（1=是,0=否）';
comment on column sys_oss_config.ext1           is '扩展字段';
comment on column sys_oss_config.remark         is '备注';
comment on column sys_oss_config.create_dept    is '创建部门';
comment on column sys_oss_config.create_by      is '创建者';
comment on column sys_oss_config.create_time    is '创建时间';
comment on column sys_oss_config.update_by      is '更新者';
comment on column sys_oss_config.update_time    is '更新时间';

insert into sys_oss_config values (1, '000000', 'minio',  'ruoyi',            'ruoyi123',        'ruoyi',             '', '127.0.0.1:9000',                '','N', '',            '1', '1', 0,'', NULL, 103, 1, sysdate, 1, sysdate);
insert into sys_oss_config values (2, '000000', 'qiniu',  'XXXXXXXXXXXXXXX',  'XXXXXXXXXXXXXXX', 'ruoyi',             '', 's3-cn-north-1.qiniucs.com',     '','N', '',            '1', '0', 0,'', NULL, 103, 1, sysdate, 1, sysdate);
insert into sys_oss_config values (3, '000000', 'aliyun', 'XXXXXXXXXXXXXXX',  'XXXXXXXXXXXXXXX', 'ruoyi',             '', 'oss-cn-beijing.aliyuncs.com',   '','N', '',            '1', '0', 0,'', NULL, 103, 1, sysdate, 1, sysdate);
insert into sys_oss_config values (4, '000000', 'qcloud', 'XXXXXXXXXXXXXXX',  'XXXXXXXXXXXXXXX', 'ruoyi-1250000000',  '', 'cos.ap-beijing.myqcloud.com',   '','N', 'ap-beijing',  '1', '0', 0,'', NULL, 103, 1, sysdate, 1, sysdate);
insert into sys_oss_config values (5, '000000', 'image',  'ruoyi',            'ruoyi123',        'ruoyi',             'image', '127.0.0.1:9000',           '','N', '',            '1', '0', 0,'', NULL, 103, 1, sysdate, 1, sysdate);

-- ----------------------------
-- 系统授权表
-- ----------------------------
create table sys_client (
    id                  number(20)     not null,
    client_id           varchar2(64)   default null,
    client_key          varchar2(32)   default null,
    client_secret       varchar2(255)  default null,
    grant_type          varchar2(255)  default null,
    device_type         varchar2(32)   default null,
    active_timeout      number(11)     default 1800,
    timeout             number(11)     default 604800,
    status              char(1)        default '1',
    del_flag            char(1)        default '0',
    create_dept         number(20)     default null,
    create_by           number(20)     default null,
    create_time         date,
    update_by           number(20)     default null,
    update_time         date
);

alter table sys_client add constraint pk_sys_client primary key (id);

comment on table sys_client                         is '系统授权表';
comment on column sys_client.id                     is '主建';
comment on column sys_client.client_id              is '客户端id';
comment on column sys_client.client_key             is '客户端key';
comment on column sys_client.client_secret          is '客户端秘钥';
comment on column sys_client.grant_type             is '授权类型';
comment on column sys_client.device_type            is '设备类型';
comment on column sys_client.active_timeout         is 'token活跃超时时间';
comment on column sys_client.timeout                is 'token固定超时';
comment on column sys_client.status                 is '状态（1正常 0停用）';
comment on column sys_client.del_flag               is '删除标志（0代表存在 1代表删除）';
comment on column sys_client.create_dept            is '创建部门';
comment on column sys_client.create_by              is '创建者';
comment on column sys_client.create_time            is '创建时间';
comment on column sys_client.update_by              is '更新者';
comment on column sys_client.update_time            is '更新时间';

insert into sys_client values (1, 'e5cd7e4891bf95d1d19206ce24a7b32e', 'pc', 'pc123', 'password,social', 'pc', 1800, 604800, 1, 0, 103, 1, sysdate, 1, sysdate);
insert into sys_client values (2, '428a8310cd442757ae699df5d894f051', 'app', 'app123', 'password,sms,social', 'android', 1800, 604800, 1, 0, 103, 1, sysdate, 1, sysdate);

-- ----------------------------
-- OSS处理规则表
-- ----------------------------
create table sys_oss_rule  (
  oss_rule_id   number(20)    not null,
  tenant_id     varchar2(20)  default '000000',
  rule_name     varchar(255)  not null,
  domain        varchar(255)  not null,
  mime_type     varchar(255)  not null,
  rule          varchar(255)  not null,
  is_overwrite  char(1)       not null,
  is_default    char(1)       not null,
  status        char(1)       not null,
  create_dept   number(20)    default null,
  create_by     number(20)    default null,
  create_time   date          default null,
  update_by     number(20)    default null,
  update_time   date          default null,
  remark        varchar(500)  default null
);

alter table sys_oss_rule add constraint pk_sys_oss_rule primary key (oss_rule_id);

comment on table sys_oss_rule                 is  'OSS处理规则表';
comment on column sys_oss_rule.oss_rule_id    is  'oss规则id';
comment on column sys_oss_rule.tenant_id      is  '租户编号';
comment on column sys_oss_rule.rule_name      is  '规则名称（例如：80x80，则字段名称将输出字段名_80x80）';
comment on column sys_oss_rule.domain         is  '匹配域名';
comment on column sys_oss_rule.mime_type      is  '媒体类型（规则对匹配的媒体类型生效）';
comment on column sys_oss_rule.rule           is  '规则';
comment on column sys_oss_rule.is_overwrite   is  '是否覆盖默认字段值';
comment on column sys_oss_rule.is_default     is  '是否默认（不指定规则时，默认输出的规则）';
comment on column sys_oss_rule.status         is  '启用状态';
comment on column sys_oss_rule.create_dept    is  '创建部门';
comment on column sys_oss_rule.create_by      is  '创建者';
comment on column sys_oss_rule.create_time    is  '创建时间';
comment on column sys_oss_rule.update_by      is  '更新者';
comment on column sys_oss_rule.update_time    is  '更新时间';
comment on column sys_oss_rule.remark         is  '备注';

insert into sys_oss_rule values (1, '000000', '180x180', 'oss-cn-beijing.aliyuncs.com', 'image', '#{#url}?x-oss-process=image/auto-orient,1/resize,m_lfit,w_180/quality,q_90', 'N', 'N', '1', 103, 1, sysdate, 1, sysdate, null);
insert into sys_oss_rule values (2, '000000', '800x800', 'oss-cn-beijing.aliyuncs.com', 'image', '#{#url}?x-oss-process=image/auto-orient,1/resize,m_lfit,w_800/quality,q_90', 'N', 'N', '1', 103, 1, sysdate, 1, sysdate, null);

-- ----------------------------
-- 应用管理表
-- ----------------------------
create table sys_app  (
  appid         number(20)      not null,
  tenant_id     varchar2(20)    default '000000',
  app_type      varchar(20)     not null,
  app_key       varchar(50)     not null,
  app_name      varchar(255)    not null,
  create_dept   number(20)      default null,
  create_by     number(20)      default null,
  create_time   date            default null,
  update_by     number(20)      default null,
  update_time   date            default null,
  remark        varchar(500)    default null
);

alter table sys_app add constraint pk_sys_app primary key (appid);
comment on table sys_app                is  '应用管理表';
comment on column sys_app.appid         is  'oss规则id';
comment on column sys_app.tenant_id     is  '租户编号';
comment on column sys_app.app_type      is  '规则名称（例如：80x80，则字段名称将输出字段名_80x80）';
comment on column sys_app.app_key       is  '匹配域名';
comment on column sys_app.app_name      is  '媒体类型（规则对匹配的媒体类型生效）';
comment on column sys_app.create_dept   is  '规则';
comment on column sys_app.create_by     is  '是否覆盖默认字段值';
comment on column sys_app.create_time   is  '是否默认（不指定规则时，默认输出的规则）';
comment on column sys_app.update_by     is  '启用状态';
comment on column sys_app.update_time   is  '创建部门';
comment on column sys_app.remark        is  '创建者';

-- ----------------------------
-- 消息配置表
-- ----------------------------
create table sys_message_config (
  message_config_id number(20)      not null,
  title             varchar2(255)  not null,
  message_type      varchar2(20)   not null,
  supplier_type     varchar2(20)   not null,
  config_json       nclob,
  status            number(4)       not null,
  remark            varchar2(500),
  create_dept       number(20),
  update_by         number(20),
  create_by         number(20),
  update_time       date,
  create_time       date
);

alter table sys_message_config add constraint pk_sys_message_config primary key (message_config_id);
create index idx_sys_message_type on sys_message_config (message_type, status);
comment on table sys_message_config                     is '消息配置表';
comment on column sys_message_config.message_config_id  is '消息设置id';
comment on column sys_message_config.title              is '标题';
comment on column sys_message_config.message_type       is '消息类型 SMS、MAIL';
comment on column sys_message_config.supplier_type      is '支持平台标识';
comment on column sys_message_config.config_json        is '配置json';
comment on column sys_message_config.status             is '状态（1正常 0停用）';
comment on column sys_message_config.remark             is '备注';
comment on column sys_message_config.create_dept        is '创建部门';
comment on column sys_message_config.update_by          is '更新者';
comment on column sys_message_config.create_by          is '创建者';
comment on column sys_message_config.update_time        is '更新时间';
comment on column sys_message_config.create_time        is '创建时间';

-- ----------------------------
-- 消息常量表
-- ----------------------------
create table sys_message_key (
  message_key_id    number(20)      not null,
  name              varchar2(255)  not null,
  message_key       varchar2(50)   not null,
  remark            varchar2(500),
  create_dept       number(20),
  update_by         number(20),
  create_by         number(20),
  update_time       date,
  create_time       date
);

alter table sys_message_key add constraint pk_sys_message_key primary key (message_key_id);
comment on table sys_message_key                    is '消息常量表';
comment on column sys_message_key.message_key_id    is '消息key主键';
comment on column sys_message_key.name              is '消息名称';
comment on column sys_message_key.message_key       is '消息key';
comment on column sys_message_key.remark            is '备注';
comment on column sys_message_key.create_dept       is '创建部门';
comment on column sys_message_key.update_by         is '更新者';
comment on column sys_message_key.create_by         is '创建者';
comment on column sys_message_key.update_time       is '更新时间';
comment on column sys_message_key.create_time       is '创建时间';

-- ----------------------------
-- 消息发送记录表
-- ----------------------------
create table sys_message_log (
  message_log_id        number(20)      not null,
  message_template_id   number(20),
  message_key           varchar2(50)    not null,
  message_template_name varchar2(255),
  message_type          varchar2(20)    not null,
  template_mode         varchar2(20),
  account               varchar2(255)   not null,
  title                 varchar2(255),
  template_id           varchar2(100),
  content               nclob,
  message_config_title  varchar2(255),
  supplier_type         varchar2(20),
  is_success            number(4),
  response_body         varchar2(1000),
  log_time              date            not null,
  cost_time             number(20)
);

alter table sys_message_log add constraint pk_sys_message_log primary key (message_log_id);
create index idx_sys_message_template_id on sys_message_log (message_template_id);
comment on table sys_message_log                        is '消息发送记录表';
comment on column sys_message_log.message_log_id        is '消息发送记录id';
comment on column sys_message_log.message_template_id   is '消息模板id';
comment on column sys_message_log.message_key           is '消息key';
comment on column sys_message_log.message_template_name is '模板名称';
comment on column sys_message_log.message_type          is '消息类型 SMS、MAIL';
comment on column sys_message_log.template_mode         is '模板类型 模板id模式、内容模式';
comment on column sys_message_log.account               is '发送账号';
comment on column sys_message_log.title                 is '标题';
comment on column sys_message_log.template_id           is '模板ID';
comment on column sys_message_log.content               is '发送内容';
comment on column sys_message_log.message_config_title  is '消息配置标题';
comment on column sys_message_log.supplier_type         is '平台标识';
comment on column sys_message_log.is_success            is '是否成功';
comment on column sys_message_log.response_body         is '返回主体消息';
comment on column sys_message_log.log_time              is '记录时间';
comment on column sys_message_log.cost_time             is '消耗时间';

-- ----------------------------
-- 消息模板表
-- ----------------------------
create table sys_message_template (
  message_template_id   number(20)      not null,
  template_name         varchar2(255)  not null,
  message_config_id     number(20)      not null,
  message_key_id        number(20)      not null,
  message_key           varchar2(50)   not null,
  message_type          varchar2(20)   not null,
  template_mode         varchar2(20)   not null,
  title                 varchar2(255),
  signature             varchar2(100),
  template_id           varchar2(100),
  content               nclob,
  vars_json             nclob,
  status                number(4)       not null,
  remark                varchar2(500),
  create_dept           number(20),
  update_by             number(20),
  create_by             number(20),
  update_time           date,
  create_time           date
);

alter table sys_message_template add constraint pk_sys_message_template primary key (message_template_id);
create index idx_sys_message_key_id on sys_message_template (message_key_id);
create index idx_sys_message_key on sys_message_template (message_key, message_type, status);
comment on table sys_message_template                       is '消息模板表';
comment on column sys_message_template.message_template_id  is '消息模板id';
comment on column sys_message_template.template_name        is '模板名称';
comment on column sys_message_template.message_config_id    is '消息配置id';
comment on column sys_message_template.message_key_id       is '消息key主键';
comment on column sys_message_template.message_key          is '消息key';
comment on column sys_message_template.message_type         is '消息类型 SMS、MAIL';
comment on column sys_message_template.template_mode        is '模板类型 模板id模式、内容模式';
comment on column sys_message_template.title                is '标题';
comment on column sys_message_template.signature            is '签名';
comment on column sys_message_template.template_id          is '模板id';
comment on column sys_message_template.content              is '内容';
comment on column sys_message_template.vars_json            is '输入变量';
comment on column sys_message_template.status               is '状态（1正常 0停用）';
comment on column sys_message_template.remark               is '备注';
comment on column sys_message_template.create_dept          is '创建部门';
comment on column sys_message_template.update_by            is '更新者';
comment on column sys_message_template.create_by            is '创建者';
comment on column sys_message_template.update_time          is '更新时间';
comment on column sys_message_template.create_time          is '创建时间';

-- ----------------------------
-- 钩子 ，用于session连接之后 自动设置默认的date类型格式化 简化时间查询
-- 如需设置其它配置 可在此钩子内任意增加处理语句
-- 例如： SELECT * FROM sys_user WHERE create_time BETWEEN '2022-03-01 00:00:00' AND '2022-04-01 00:00:00'
-- ----------------------------
create or replace trigger login_trg
after logon on database
begin
execute immediate 'alter session set nls_date_format=''YYYY-MM-DD HH24:MI:SS''';
end;
